,ts_code,trade_date,pre_close,open,high,low,close,change,pct_chg,vol,amount,upper,middle,lower,rsi,minus,low-lowboll,high-highboll,high-mid,mid-low,close-open,yes_close-mid,mid-close
270,516950.SH,20210514,0.996,0.991,1.005,0.991,1.004,0.008,0.8032,1287549.0,128535.039,,,,,,,,,,0.013000000000000012,,
269,516950.SH,20210517,1.004,1.004,1.014,1.003,1.006,0.002,0.1992,720453.0,72673.576,,,,,,,,,,0.0020000000000000018,,
268,516950.SH,20210518,1.006,1.001,1.007,1.0,1.005,-0.001,-0.0994,181610.0,18199.839,,,,,,,,,,0.0040000000000000036,,
267,516950.SH,20210519,1.005,1.004,1.006,0.997,0.999,-0.006,-0.597,110699.0,11076.457,,,,,,,,,,-0.0050000000000000044,,
266,516950.SH,20210520,0.999,0.999,1.003,0.992,0.997,-0.002,-0.2002,70670.0,7042.87,,,,,,,,,,-0.0020000000000000018,,
265,516950.SH,20210521,0.997,0.997,0.997,0.989,0.991,-0.006,-0.6018,284451.0,28207.372,,,,,,,,,,-0.006000000000000005,,
264,516950.SH,20210524,0.991,0.991,0.995,0.987,0.995,0.004,0.4036,102075.0,10125.916,,,,28.57142857142857,,,,,,0.0040000000000000036,,
263,516950.SH,20210525,0.995,0.994,1.004,0.986,1.003,0.008,0.804,115833.0,11550.456,,,,50.98039215686254,22.408963585433973,,,,,0.008999999999999897,,
262,516950.SH,20210526,1.003,1.0,1.012,1.0,1.006,0.003,0.2991,148867.0,15000.267,,,,57.04467353951893,6.0642813826563895,,,,,0.006000000000000005,,
261,516950.SH,20210527,1.006,1.006,1.011,1.001,1.01,0.004,0.3976,130735.0,13175.873,,,,64.14228341939189,7.097609879872955,,,,,0.0040000000000000036,,
260,516950.SH,20210528,1.01,1.01,1.01,0.999,1.002,-0.008,-0.7921,60921.0,6124.436,,,,45.928847259880065,-18.213436159511822,,,,,-0.008000000000000007,,
259,516950.SH,20210531,1.002,1.002,1.002,0.995,0.999,-0.003,-0.2994,58064.0,5788.687,,,,40.72503679095455,-5.203810468925518,,,,,-0.0030000000000000027,,
258,516950.SH,20210601,0.999,0.999,1.006,0.996,1.005,0.006,0.6006,99809.0,9998.386,,,,53.39739315916192,12.672356368207375,,,,,0.005999999999999894,,
257,516950.SH,20210602,1.005,1.005,1.007,0.998,0.999,-0.006,-0.597,34338.0,3437.907,,,,42.49533313859967,-10.902060020562253,,,,,-0.005999999999999894,,
256,516950.SH,20210603,0.999,0.994,1.003,0.994,0.996,-0.003,-0.3003,52441.0,5237.544,,,,37.85772284746107,-4.6376102911386,,,,,0.0020000000000000018,,
255,516950.SH,20210604,0.996,0.997,0.998,0.989,0.993,-0.003,-0.3012,88111.0,8746.355,,,,33.474010872292965,-4.383711975168104,,,,,-0.0040000000000000036,,
254,516950.SH,20210607,0.993,0.993,0.996,0.991,0.994,0.001,0.1007,38382.0,3814.135,,,,36.41894280032373,2.944931928030762,,,,,0.0010000000000000009,,
253,516950.SH,20210608,0.994,0.994,0.995,0.99,0.992,-0.002,-0.2012,56131.0,5566.812,,,,32.921324145360714,-3.497618654963013,,,,,-0.0020000000000000018,,
252,516950.SH,20210609,0.992,0.993,0.993,0.988,0.991,-0.001,-0.1008,60315.0,5971.906,,,,31.127653284407604,-1.7936708609531102,,,,,-0.0020000000000000018,,
251,516950.SH,20210610,0.991,0.99,0.996,0.99,0.991,0.0,0.0,75593.0,7506.69,1.0104913761047167,0.9988999999999999,0.9873086238952831,31.127653284407604,0.0,0.002691376104716925,-0.014491376104716736,-0.0028999999999999027,0.008899999999999908,0.0010000000000000009,-0.007899999999999907,0.007899999999999907
250,516950.SH,20210611,0.991,0.992,0.992,0.983,0.984,-0.007,-0.7064,92756.0,9137.262,1.0109215206485695,0.9978999999999999,0.9848784793514304,20.092801833923488,-11.034851450484116,-0.0018784793514303733,-0.018921520648569556,-0.005899999999999905,0.014899999999999913,-0.008000000000000007,-0.006899999999999906,0.013899999999999912
249,516950.SH,20210615,0.984,0.984,0.984,0.969,0.972,-0.012,-1.2195,93997.0,9142.528,1.0129044904142737,0.9962,0.9794955095857263,11.619281948120284,-8.473519885803205,-0.010495509585726315,-0.028904490414273676,-0.012199999999999989,0.027200000000000002,-0.01200000000000001,-0.012199999999999989,0.0242
248,516950.SH,20210616,0.972,0.971,0.984,0.967,0.974,0.002,0.2058,78460.0,7658.717,1.0134252496654366,0.99465,0.9758747503345635,18.493825353205022,6.874543405084738,-0.00887475033456353,-0.02942524966543658,-0.010650000000000048,0.027650000000000063,0.0030000000000000027,-0.02265000000000006,0.020650000000000057
247,516950.SH,20210617,0.974,0.974,0.974,0.966,0.968,-0.006,-0.616,48962.0,4745.648,1.0150353595821826,0.9931000000000001,0.9711646404178176,14.448076891009856,-4.045748462195165,-0.005164640417817612,-0.04103535958218263,-0.019100000000000117,0.027100000000000124,-0.006000000000000005,-0.019100000000000117,0.025100000000000122
246,516950.SH,20210618,0.968,0.968,0.971,0.962,0.971,0.003,0.3099,109429.0,10573.104,1.0156545593126305,0.9918000000000001,0.9679454406873698,24.3744768100629,9.926399919053045,-0.005945440687369796,-0.044654559312630515,-0.02080000000000015,0.02980000000000016,0.0030000000000000027,-0.023800000000000154,0.02080000000000015
245,516950.SH,20210621,0.971,0.971,0.974,0.967,0.97,-0.001,-0.103,114996.0,11155.764,1.016431705550847,0.99075,0.9650682944491532,23.293404005470062,-1.0810728045928393,0.0019317055508467629,-0.042431705550846965,-0.016750000000000043,0.02375000000000005,-0.0010000000000000009,-0.019750000000000045,0.020750000000000046
244,516950.SH,20210622,0.97,0.966,0.991,0.966,0.987,0.017,1.7526,142164.0,13960.805,1.016003654710414,0.99035,0.9646963452895858,59.72971985764137,36.436315852171305,0.0013036547104141594,-0.025003654710414103,0.0006500000000000394,0.024349999999999983,0.02100000000000002,-0.02034999999999998,0.003349999999999964
243,516950.SH,20210623,0.987,0.987,0.988,0.98,0.987,0.0,0.0,57052.0,5620.371,1.0145657950104052,0.9895499999999998,0.9645342049895944,59.729719857641385,1.4210854715202004e-14,0.01546579501040557,-0.026565795010405235,-0.0015499999999998293,0.009549999999999836,0.0,-0.00254999999999983,0.00254999999999983
242,516950.SH,20210624,0.987,0.987,0.997,0.986,0.991,0.004,0.4053,60094.0,5957.427,1.0126713217062424,0.9887999999999998,0.9649286782937572,65.31247547493125,5.5827556172898625,0.021071321706242818,-0.015671321706242414,0.008200000000000207,0.0027999999999998026,0.0040000000000000036,-0.0017999999999998018,-0.002200000000000202
241,516950.SH,20210625,0.991,0.992,1.004,0.99,1.003,0.012,1.2109,115675.0,11556.971,1.0112489034824779,0.9884499999999997,0.9656510965175217,76.86072598432901,11.54825050939776,0.024348903482478312,-0.007248903482477864,0.015550000000000286,-0.0015500000000002734,0.010999999999999899,0.0025500000000002743,-0.014550000000000174
240,516950.SH,20210628,1.003,1.003,1.006,0.998,1.001,-0.002,-0.1994,65098.0,6523.772,1.011083915006082,0.9883999999999998,0.9657160849939176,72.06248435127904,-4.798241633049969,0.03228391500608241,-0.005083915006081963,0.01760000000000017,-0.009600000000000164,-0.0020000000000000018,0.014600000000000057,-0.012600000000000056
239,516950.SH,20210629,1.001,1.004,1.004,0.993,0.993,-0.008,-0.7992,20492.0,2040.511,1.0103701594067802,0.9880999999999999,0.9658298405932196,55.4474734244204,-16.615010926858638,0.02717015940678036,-0.006370159406780207,0.015900000000000136,-0.0049000000000001265,-0.01100000000000001,0.012900000000000023,-0.0049000000000001265
238,516950.SH,20210630,0.993,0.993,0.998,0.99,0.998,0.005,0.5035,36207.0,3599.14,1.0091497663539355,0.9877499999999999,0.9663502336460642,62.01581174189842,6.568338317478016,0.023649766353935786,-0.011149766353935497,0.010250000000000092,-0.0022500000000000853,0.0050000000000000044,0.005250000000000088,-0.010250000000000092
237,516950.SH,20210701,0.998,0.992,1.003,0.992,0.997,-0.001,-0.1002,58426.0,5847.755,1.008856366968485,0.98765,0.9664436330315151,59.89649519726512,-2.1193165446332998,0.025556366968484845,-0.005856366968485016,0.015349999999999864,-0.004349999999999965,0.0050000000000000044,0.01034999999999997,-0.00934999999999997
236,516950.SH,20210702,0.997,0.995,0.995,0.981,0.985,-0.012,-1.2036,24539.0,2419.149,1.0079796551696067,0.9871000000000001,0.9662203448303935,40.1423366010406,-19.75415859622452,0.014779655169606443,-0.012979655169606752,0.007899999999999907,0.006100000000000105,-0.010000000000000009,0.009899999999999909,0.002100000000000102
235,516950.SH,20210705,0.985,0.986,0.986,0.974,0.98,-0.005,-0.5076,25468.0,2491.727,1.0073638709951205,0.9864500000000002,0.9655361290048798,34.45982650051163,-5.682510100528965,0.008463870995120137,-0.021363870995120493,-0.0004500000000001725,0.012450000000000183,-0.006000000000000005,-0.0014500000000001734,0.006450000000000178
234,516950.SH,20210706,0.98,0.98,0.985,0.978,0.985,0.005,0.5102,21928.0,2152.6,1.0066300751331918,0.9860000000000001,0.9653699248668084,43.97657271089543,9.5167462103838,0.012630075133191587,-0.021630075133191817,-0.001000000000000112,0.008000000000000118,0.0050000000000000044,-0.006000000000000116,0.001000000000000112
233,516950.SH,20210707,0.985,0.984,0.987,0.98,0.986,0.001,0.1015,14557.0,1432.258,1.0061460265088467,0.9857000000000001,0.9652539734911537,45.86319417378056,1.886621462885131,0.014746026508846266,-0.01914602650884667,0.0012999999999998568,0.005700000000000149,0.0020000000000000018,-0.000700000000000145,-0.00029999999999985594
232,516950.SH,20210708,0.986,0.986,0.988,0.975,0.978,-0.008,-0.8114,29087.0,2848.396,1.0056069939436654,0.9850500000000002,0.9644930060563349,34.65857631505331,-11.204617858727254,0.010506993943665055,-0.017606993943665383,0.002949999999999786,0.010050000000000225,-0.008000000000000007,0.0009499999999997844,0.007050000000000223
231,516950.SH,20210709,0.978,0.974,0.984,0.972,0.983,0.005,0.5112,28789.0,2821.751,1.0050389676050437,0.9846500000000002,0.9642610323949568,44.777022643997924,10.118446328944614,0.007738967605043223,-0.021038967605043757,-0.0006500000000002615,0.012650000000000272,0.009000000000000008,-0.006650000000000267,0.0016500000000002624
230,516950.SH,20210712,0.983,0.983,0.994,0.983,0.988,0.005,0.5086,81491.0,8071.049,1.0052879548879208,0.9848500000000001,0.9644120451120795,53.430792362825485,8.653769718827562,0.018587954887920533,-0.011287954887920781,0.00914999999999988,0.0018500000000001293,0.0050000000000000044,-0.0018500000000001293,-0.003149999999999875
229,516950.SH,20210713,0.988,0.988,0.999,0.984,0.998,0.01,1.0121,55726.0,5546.002,1.0064603421930984,0.9861500000000001,0.9658396578069016,66.15841847057315,12.727626107747668,0.018160342193098367,-0.007460342193098435,0.012849999999999917,0.0021500000000000963,0.010000000000000009,0.0018499999999999073,-0.011849999999999916
228,516950.SH,20210714,0.998,0.996,0.996,0.983,0.984,-0.014,-1.4028,33871.0,3347.299,1.0062180862630947,0.9866500000000002,0.9670819137369059,45.3402751760058,-20.818143294567356,0.0159180862630941,-0.010218086263094728,0.009349999999999747,0.003650000000000264,-0.01200000000000001,0.01134999999999975,0.0026500000000002633
227,516950.SH,20210715,0.984,0.984,0.99,0.976,0.989,0.005,0.5081,30956.0,3044.48,1.0053079527486877,0.9877000000000002,0.9700920472513127,51.83567081550332,6.495395639497524,0.005907952748687273,-0.015307952748687681,0.0022999999999997467,0.011700000000000266,0.0050000000000000044,-0.0037000000000002586,-0.0012999999999997458
226,516950.SH,20210716,0.989,0.989,0.991,0.985,0.987,-0.002,-0.2022,248809.0,24627.375,1.0043682072081401,0.9885000000000002,0.9726317927918601,49.0385146546407,-2.7971561608626203,0.012368207208139914,-0.013368207208140137,0.0024999999999998357,0.0035000000000001696,-0.0020000000000000018,0.0004999999999998339,0.0015000000000001679
225,516950.SH,20210719,0.987,0.986,0.986,0.972,0.982,-0.005,-0.5066,47855.0,4677.694,1.00289710114482,0.9891000000000002,0.9753028988551804,42.20596117537588,-6.832553479264817,-0.003302898855180425,-0.016897101144820015,-0.0031000000000002137,0.017100000000000226,-0.0040000000000000036,-0.002100000000000213,0.007100000000000217
224,516950.SH,20210720,0.982,0.98,0.997,0.97,0.996,0.014,1.4257,141352.0,13913.909,1.0036279970166486,0.9895500000000002,0.9754720029833517,60.63478555773797,18.428824382362087,-0.005472002983351709,-0.0066279970166486235,0.007449999999999846,0.01955000000000018,0.016000000000000014,-0.007550000000000168,-0.006449999999999845
223,516950.SH,20210721,0.996,1.0,1.001,0.992,0.995,-0.001,-0.1004,74448.0,7419.952,1.0041693530091602,0.9899500000000003,0.9757306469908404,59.02162006803325,-1.6131654897047198,0.01626935300915955,-0.003169353009160325,0.01104999999999956,-0.002049999999999663,-0.0050000000000000044,0.006049999999999667,-0.005049999999999666
222,516950.SH,20210722,0.995,0.994,1.018,0.993,1.014,0.019,1.9095,259201.0,26280.444,1.0087737092880835,0.9911000000000003,0.9734262907119171,74.49349348139155,15.471873413358303,0.019573709288082886,0.009226290711916496,0.026899999999999702,-0.0018999999999996797,0.020000000000000018,0.0038999999999996815,-0.0228999999999997
221,516950.SH,20210723,1.014,1.014,1.035,1.014,1.025,0.011,1.0848,188609.0,19360.476,1.0147619148123723,0.9922000000000002,0.9696380851876281,79.79372372323365,5.300230241842101,0.04436191481237195,0.020238085187627597,0.04279999999999973,-0.02179999999999982,0.010999999999999899,0.02179999999999982,-0.03279999999999972
220,516950.SH,20210726,1.025,1.039,1.039,1.003,1.018,-0.007,-0.6829,116280.0,11813.774,1.0180257882758599,0.9930500000000002,0.9680742117241405,68.86588037648112,-10.927843346752539,0.03492578827585935,0.020974211724140046,0.04594999999999971,-0.009949999999999681,-0.020999999999999908,0.0319499999999997,-0.024949999999999806
219,516950.SH,20210727,1.018,1.017,1.019,0.984,0.986,-0.032,-3.1434,99249.0,9978.247,1.017864260370604,0.9927000000000004,0.9675357396293967,39.323282789533835,-29.54259758694728,0.016464260370603334,0.0011357396293958377,0.026299999999999546,0.008700000000000374,-0.030999999999999917,0.025299999999999656,0.006700000000000372
218,516950.SH,20210728,0.986,0.97,0.982,0.957,0.974,-0.012,-1.217,74689.0,7256.442,1.0178020911716124,0.9915000000000003,0.9651979088283881,32.96045355347858,-6.362829236055255,-0.008197908828388112,-0.03580209117161237,-0.009500000000000286,0.03450000000000031,0.0040000000000000036,-0.0055000000000002824,0.017500000000000293
217,516950.SH,20210729,0.974,0.982,0.988,0.977,0.986,0.012,1.232,44756.0,4399.134,1.0172290791315082,0.9909500000000003,0.9646709208684926,43.86096111693077,10.900507563452187,0.012329079131507381,-0.029229079131508184,-0.0029500000000003412,0.013950000000000351,0.0040000000000000036,-0.016950000000000354,0.004950000000000343
216,516950.SH,20210730,0.986,0.989,1.004,0.975,1.001,0.015,1.5213,132164.0,13166.134,1.0182292371491295,0.9917500000000004,0.9652707628508713,54.868427706664455,11.007466589733689,0.009729237149128656,-0.014229237149129492,0.01224999999999965,0.016750000000000376,0.0119999999999999,-0.005750000000000366,-0.009249999999999536
215,516950.SH,20210802,1.001,1.0,1.044,0.991,1.042,0.041,4.0959,302704.0,31096.604,1.0286155149523784,0.9948500000000005,0.9610844850476227,72.53310762144554,17.664679914781082,0.02991551495237732,0.015384485047621688,0.04914999999999958,0.003850000000000464,0.04200000000000004,0.006149999999999434,-0.04714999999999958
214,516950.SH,20210803,1.042,1.041,1.062,1.036,1.054,0.012,1.1516,307480.0,32425.219,1.0404051065786526,0.9983000000000004,0.9561948934213481,75.85261776962125,3.319510148175709,0.07980510657865192,0.02159489342134746,0.06369999999999965,-0.03769999999999962,0.013000000000000123,0.04369999999999963,-0.05569999999999964
213,516950.SH,20210804,1.054,1.055,1.064,1.046,1.058,0.004,0.3795,356123.0,37588.571,1.0509261154895986,1.0019000000000005,0.9528738845104023,76.96612116131286,1.1135033916916086,0.0931261154895977,0.013073884510401479,0.0620999999999996,-0.044099999999999584,0.0030000000000001137,0.05209999999999959,-0.056099999999999595
212,516950.SH,20210805,1.058,1.058,1.063,1.047,1.053,-0.005,-0.4726,125716.0,13255.96,1.0581410468556347,1.0056500000000004,0.953158953144366,71.9868485092605,-4.979272652052359,0.09384104685563388,0.004858953144365241,0.05734999999999957,-0.041349999999999554,-0.0050000000000001155,0.052349999999999675,-0.04734999999999956
211,516950.SH,20210806,1.053,1.048,1.063,1.046,1.061,0.008,0.7597,105474.0,11148.473,1.0661590982086822,1.0095500000000004,0.9529409017913186,75.0819924411824,3.0951439319218963,0.09305909820868141,-0.0031590982086822095,0.05344999999999955,-0.03644999999999965,0.0129999999999999,0.043449999999999545,-0.05144999999999955
210,516950.SH,20210809,1.061,1.06,1.081,1.058,1.079,0.018,1.6965,218510.0,23436.19,1.0772946200241664,1.0141000000000004,0.9509053799758344,80.80750203903206,5.7255095978496655,0.1070946200241657,0.0037053799758335337,0.06689999999999952,-0.043899999999999606,0.018999999999999906,0.0468999999999995,-0.06489999999999951
209,516950.SH,20210810,1.079,1.08,1.085,1.071,1.082,0.003,0.278,147483.0,15897.449,1.087533229016129,1.0183000000000004,0.9490667709838719,81.65073857896493,0.8432365399328745,0.12193322901612802,-0.0025332290161290683,0.06669999999999954,-0.052699999999999525,0.0020000000000000018,0.06069999999999953,-0.06369999999999965
208,516950.SH,20210811,1.082,1.082,1.097,1.082,1.084,0.002,0.1848,148175.0,16104.057,1.0962468299516896,1.0233000000000003,0.950353170048311,82.27378986215517,0.623051283190236,0.13164682995168908,0.0007531700483103254,0.07369999999999965,-0.05869999999999975,0.0020000000000000018,0.05869999999999975,-0.060699999999999754
207,516950.SH,20210812,1.084,1.089,1.089,1.068,1.072,-0.012,-1.107,132399.0,14229.135,1.1015539135268937,1.0274500000000002,0.9533460864731067,66.11114644548444,-16.162643416670733,0.11465391352689336,-0.012553913526893723,0.06154999999999977,-0.040549999999999864,-0.016999999999999904,0.05654999999999988,-0.04454999999999987
206,516950.SH,20210813,1.072,1.076,1.079,1.066,1.074,0.002,0.1866,96568.0,10346.811,1.1061090842360604,1.0318000000000003,0.9574909157639401,67.39229961666211,1.281153171177678,0.10850908423605998,-0.0271090842360604,0.04719999999999969,-0.034199999999999786,-0.0020000000000000018,0.04019999999999979,-0.04219999999999979
205,516950.SH,20210816,1.074,1.086,1.09,1.067,1.071,-0.003,-0.2793,102765.0,11030.187,1.1087341361954477,1.0362500000000003,0.9637658638045529,63.09855603913961,-4.2937435775225055,0.10323413619544708,-0.018734136195447615,0.05374999999999974,-0.03074999999999961,-0.015000000000000124,0.03774999999999973,-0.034749999999999615
204,516950.SH,20210817,1.071,1.069,1.09,1.062,1.066,-0.005,-0.4669,162837.0,17523.996,1.1108692660254615,1.0397500000000004,0.9686307339745392,55.96694824566072,-7.131607793478892,0.0933692660254608,-0.020869266025461464,0.050249999999999684,-0.02224999999999966,-0.0029999999999998916,0.031249999999999556,-0.026249999999999662
203,516950.SH,20210818,1.066,1.066,1.085,1.066,1.084,0.018,1.6886,174224.0,18757.168,1.1146970921386143,1.0442000000000005,0.9737029078613865,70.4130791687577,14.446130923096987,0.09229709213861359,-0.029697092138614378,0.0407999999999995,-0.021799999999999597,0.018000000000000016,0.021799999999999597,-0.03979999999999961
202,516950.SH,20210819,1.084,1.085,1.088,1.056,1.064,-0.02,-1.845,231825.0,24705.682,1.1162761453373273,1.0467000000000004,0.9771238546626735,48.985296307879906,-21.427782860877798,0.07887614533732656,-0.028276145337327252,0.04129999999999967,-0.009299999999999642,-0.020999999999999908,0.03729999999999967,-0.01729999999999965
201,516950.SH,20210820,1.064,1.06,1.063,1.045,1.059,-0.005,-0.4699,358743.0,37772.149,1.1174315869729246,1.0484000000000004,0.9793684130270763,44.887325288143366,-4.097971019736541,0.0656315869729236,-0.054431586972924606,0.014599999999999502,0.0034000000000005137,-0.001000000000000112,0.015599999999999614,-0.010599999999999499
200,516950.SH,20210823,1.059,1.06,1.072,1.059,1.07,0.011,1.0387,189711.0,20226.951,1.1191674409083905,1.0510000000000006,0.9828325590916106,54.85731023559074,9.969984947447372,0.07616744090838934,-0.04716744090839042,0.020999999999999464,-0.007999999999999341,0.010000000000000009,0.007999999999999341,-0.018999999999999462
199,516950.SH,20210824,1.07,1.07,1.072,1.064,1.068,-0.002,-0.1869,146873.0,15684.836,1.1166821402680889,1.0551000000000006,0.9935178597319123,52.77433392276863,-2.0829763128221046,0.07048214026808775,-0.04468214026808881,0.01689999999999947,-0.008899999999999464,-0.0020000000000000018,0.01489999999999947,-0.012899999999999467
198,516950.SH,20210825,1.068,1.072,1.087,1.066,1.084,0.016,1.4981,371914.0,40118.758,1.1108290752453143,1.0606000000000004,1.0103709247546866,65.39026545003371,12.615931527265076,0.055629075245313464,-0.023829075245314302,0.026399999999999535,-0.005399999999999627,0.01200000000000001,0.007399999999999629,-0.023399999999999643
197,516950.SH,20210826,1.084,1.083,1.097,1.081,1.09,0.006,0.5535,225990.0,24642.991,1.1042010416525228,1.0658000000000005,1.0273989583474783,69.10434462148571,3.714079171451999,0.053601041652521664,-0.007201041652522777,0.03119999999999945,-0.015199999999999436,0.007000000000000117,0.01819999999999955,-0.024199999999999555
196,516950.SH,20210827,1.09,1.09,1.114,1.08,1.107,0.017,1.5596,214275.0,23464.66,1.1004591553011998,1.0711000000000004,1.041740844698801,77.36357590355898,8.259231282073273,0.038259155301199055,0.013540844698800347,0.042899999999999716,-0.008899999999999686,0.016999999999999904,0.018899999999999695,-0.0358999999999996
195,516950.SH,20210830,1.107,1.108,1.11,1.091,1.094,-0.013,-1.1743,209466.0,22976.038,1.1014568009684302,1.0737000000000003,1.0459431990315704,62.12387538938265,-15.239700514176334,0.04505680096842957,0.00854319903156986,0.03629999999999978,-0.01729999999999965,-0.014000000000000012,0.03329999999999966,-0.020299999999999763
194,516950.SH,20210831,1.094,1.095,1.13,1.091,1.128,0.034,3.1079,263516.0,29346.3,1.1124394063876777,1.0774000000000004,1.042360593612323,76.59423960962312,14.47036422024047,0.04863940638767694,0.017560593612322206,0.052599999999999536,-0.013599999999999612,0.03299999999999992,0.016599999999999726,-0.050599999999999534
193,516950.SH,20210901,1.128,1.136,1.187,1.128,1.179,0.051,4.5213,1073898.0,125604.33,1.138862904634203,1.0834500000000005,1.028037095365798,86.13139956865665,9.53715995903353,0.09996290463420188,0.04813709536579713,0.10354999999999959,-0.04454999999999942,0.04300000000000015,0.04454999999999942,-0.09554999999999958
192,516950.SH,20210902,1.179,1.193,1.219,1.169,1.214,0.035,2.9686,1909939.0,228407.757,1.1691826879040659,1.0915000000000004,1.0138173120959348,89.61592262104303,3.484523052386379,0.1551826879040652,0.04981731209593421,0.12749999999999972,-0.07749999999999968,0.020999999999999908,0.08749999999999969,-0.12249999999999961
191,516950.SH,20210903,1.214,1.214,1.222,1.181,1.185,-0.029,-2.3888,1344289.0,160897.085,1.183974213992382,1.0977000000000001,1.0114257860076183,71.70323818849724,-17.912684432545788,0.1695742139923817,0.03802578600761808,0.12429999999999986,-0.08329999999999993,-0.028999999999999915,0.11629999999999985,-0.08729999999999993
190,516950.SH,20210906,1.185,1.184,1.225,1.183,1.208,0.023,1.9409,882633.0,106151.512,1.2023340618430616,1.1041500000000002,1.0059659381569388,76.2258698147528,4.52263162625556,0.17703406184306125,0.022665938156938514,0.1208499999999999,-0.07884999999999986,0.02400000000000002,0.08084999999999987,-0.10384999999999978
189,516950.SH,20210907,1.208,1.21,1.236,1.195,1.23,0.022,1.8212,1031495.0,125278.19,1.2233113081527018,1.11155,0.9997886918472981,79.91125849490022,3.685388680147426,0.19521130815270193,0.01268869184729815,0.12444999999999995,-0.08345000000000002,0.020000000000000018,0.09644999999999992,-0.11844999999999994
188,516950.SH,20210908,1.23,1.232,1.235,1.215,1.229,-0.001,-0.0813,945998.0,115981.552,1.2408140975461546,1.1188,0.9967859024538455,79.24123740196544,-0.670021092934789,0.21821409754615462,-0.005814097546154473,0.11620000000000008,-0.09620000000000006,-0.0029999999999998916,0.11119999999999997,-0.11020000000000008
187,516950.SH,20210909,1.229,1.229,1.262,1.216,1.255,0.026,2.1155,955452.0,118939.625,1.2614587637573005,1.12795,0.9944412362426994,83.54566520801902,4.304427806053582,0.22155876375730055,0.0005412362426995276,0.13405,-0.08804999999999996,0.0259999999999998,0.10105000000000008,-0.12704999999999989
186,516950.SH,20210910,1.255,1.257,1.281,1.236,1.242,-0.013,-1.0359,1778587.0,223778.45,1.2762131831469679,1.13635,0.9964868168530321,74.30159277033917,-9.244072437679847,0.2395131831469679,0.004786816853032061,0.14464999999999995,-0.09965000000000002,-0.014999999999999902,0.11864999999999992,-0.10565000000000002
185,516950.SH,20210913,1.242,1.225,1.247,1.219,1.237,-0.005,-0.4026,737242.0,90965.4,1.2876818496000193,1.14465,1.0016181503999806,70.6915304365757,-3.610062333763466,0.2173818496000195,-0.04068184960001919,0.10235000000000016,-0.07435000000000014,0.01200000000000001,0.09735000000000005,-0.09235000000000015
184,516950.SH,20210914,1.237,1.238,1.24,1.195,1.202,-0.035,-2.8294,741977.0,89671.553,1.2917845645235044,1.15145,1.0111154354764957,50.20250668616142,-20.489023750414283,0.18388456452350432,-0.05178456452350444,0.0885499999999999,-0.04354999999999998,-0.03600000000000003,0.08555000000000001,-0.05054999999999987
183,516950.SH,20210915,1.202,1.203,1.208,1.182,1.193,-0.009,-0.7488,457009.0,54465.781,1.2947780620693496,1.1569000000000003,1.0190219379306509,46.081213594228636,-4.121293091932785,0.16297806206934906,-0.08677806206934968,0.0510999999999997,-0.025099999999999678,-0.010000000000000009,0.045099999999999696,-0.0360999999999998
182,516950.SH,20210916,1.193,1.193,1.206,1.175,1.182,-0.011,-0.922,472612.0,56174.097,1.2942193288675565,1.1628000000000003,1.031380671132444,41.1291190490637,-4.9520945451649325,0.14361932886755602,-0.08821932886755657,0.04319999999999968,-0.012199999999999767,-0.01100000000000012,0.030199999999999783,-0.019199999999999662
181,516950.SH,20210917,1.182,1.18,1.186,1.15,1.173,-0.009,-0.7614,520028.0,60735.568,1.2910030611862409,1.1685000000000003,1.0459969388137598,37.203731086184646,-3.925387962879057,0.10400306118624014,-0.10500306118624092,0.017499999999999627,0.018500000000000405,-0.006999999999999895,0.013499999999999623,-0.0044999999999997264
180,516950.SH,20210922,1.173,1.166,1.191,1.151,1.19,0.017,1.4493,536323.0,63034.313,1.2885833028974853,1.1745000000000003,1.0604166971025153,48.37242868537015,11.168697599185506,0.09058330289748473,-0.09758330289748529,0.016499999999999737,0.0235000000000003,0.02400000000000002,-0.0015000000000002789,-0.015499999999999625
179,516950.SH,20210923,1.19,1.2,1.214,1.194,1.208,0.018,1.5126,586610.0,70654.055,1.2853026974601367,1.1815000000000002,1.0776973025398637,57.88879570091831,9.516367015548155,0.11630269746013622,-0.07130269746013673,0.03249999999999975,-0.012499999999999734,0.008000000000000007,0.00849999999999973,-0.026499999999999746
178,516950.SH,20210924,1.208,1.21,1.21,1.173,1.178,-0.03,-2.4834,469829.0,55868.091,1.2799434797732676,1.1862000000000001,1.0924565202267327,42.29613661792597,-15.592659082992341,0.08054347977326737,-0.06994347977326765,0.02379999999999982,0.0132000000000001,-0.03200000000000003,0.02179999999999982,0.008200000000000207
177,516950.SH,20210927,1.178,1.176,1.182,1.115,1.12,-0.058,-4.9236,835886.0,94915.751,1.2760427416373357,1.1877000000000002,1.0993572583626647,26.02992148475085,-16.266215133175116,0.015642741637335256,-0.09404274163733573,-0.00570000000000026,0.07270000000000021,-0.05599999999999983,-0.009700000000000264,0.0677000000000001
176,516950.SH,20210928,1.12,1.115,1.141,1.115,1.137,0.017,1.5179,946977.0,107084.124,1.27290806412766,1.1892000000000003,1.1054919358723405,34.843383005145256,8.813461520394405,0.009508064127659477,-0.13190806412765999,-0.04820000000000024,0.07420000000000027,0.02200000000000002,-0.06920000000000015,0.052200000000000246
175,516950.SH,20210929,1.137,1.126,1.138,1.106,1.112,-0.025,-2.1988,536660.0,59972.63,1.269994680673989,1.1901000000000004,1.1102053193260117,28.789927695272905,-6.053455309872351,-0.004205319326011647,-0.13199468067398912,-0.05210000000000048,0.08410000000000029,-0.01399999999999979,-0.05310000000000037,0.07810000000000028
174,516950.SH,20210930,1.112,1.117,1.121,1.103,1.117,0.005,0.4496,448981.0,50001.408,1.2712775351396253,1.1895500000000003,1.1078224648603754,31.640254800414258,2.8503271051413535,-0.004822464860375408,-0.15027753513962527,-0.06855000000000033,0.08655000000000035,0.0,-0.07755000000000023,0.07255000000000034
173,516950.SH,20211008,1.117,1.133,1.139,1.1,1.109,-0.008,-0.7162,314813.83,34901.322,1.2749645095020892,1.1860500000000005,1.0971354904979118,29.382179055949592,-2.2580757444646657,0.002864509502088275,-0.13596450950208916,-0.04705000000000048,0.0860500000000004,-0.02400000000000002,-0.0690500000000005,0.07705000000000051
172,516950.SH,20211011,1.109,1.11,1.11,1.075,1.082,-0.027,-2.4346,646321.0,70137.993,1.278144427400929,1.1794500000000006,1.080755572599072,22.79389753696248,-6.588281518987113,-0.005755572599072112,-0.16814442740092894,-0.06945000000000046,0.1044500000000006,-0.028000000000000025,-0.07045000000000057,0.09745000000000048
171,516950.SH,20211012,1.082,1.078,1.078,1.045,1.056,-0.026,-2.403,462079.0,48923.371,1.2853209686567706,1.1730000000000007,1.0606790313432308,18.103226619630252,-4.690670917332227,-0.015679031343230898,-0.20732096865677052,-0.09500000000000064,0.12800000000000078,-0.02200000000000002,-0.09100000000000064,0.11700000000000066
170,516950.SH,20211013,1.056,1.056,1.057,1.041,1.056,0.0,0.0,338468.0,35519.392,1.2873744235485214,1.1654000000000009,1.0434255764514804,18.10322661963025,-3.552713678800501e-15,-0.002425576451480449,-0.23037442354852145,-0.10840000000000094,0.12440000000000095,0.0,-0.10940000000000083,0.10940000000000083
169,516950.SH,20211014,1.056,1.056,1.066,1.049,1.06,0.004,0.3788,294704.0,31198.773,1.2832960442418835,1.1569000000000007,1.030503955758118,21.674072099914746,3.570845480284497,0.018496044241882004,-0.21729604424188342,-0.09090000000000065,0.10790000000000077,0.0040000000000000036,-0.10090000000000066,0.09690000000000065
168,516950.SH,20211015,1.06,1.062,1.062,1.046,1.054,-0.006,-0.566,554207.0,58338.895,1.2775629437111928,1.1481500000000007,1.0187370562888085,20.096809898965727,-1.5772622009490185,0.027262943711191534,-0.21556294371119278,-0.08615000000000061,0.10215000000000063,-0.008000000000000007,-0.08815000000000062,0.09415000000000062
167,516950.SH,20211018,1.054,1.053,1.067,1.047,1.067,0.013,1.2334,305735.0,32430.378,1.262959299168759,1.1387500000000008,1.0145407008312426,32.80967581175078,12.712865912785052,0.03245929916875734,-0.1959592991687591,-0.07175000000000087,0.09175000000000089,0.014000000000000012,-0.08475000000000077,0.07175000000000087
166,516950.SH,20211019,1.067,1.062,1.083,1.061,1.077,0.01,0.9372,374417.0,40160.61,1.2479146498525457,1.1305000000000007,1.0130853501474557,41.41390193992409,8.604226128173309,0.04791464985254423,-0.16491464985254578,-0.047500000000000764,0.06950000000000078,0.014999999999999902,-0.06350000000000078,0.05350000000000077
165,516950.SH,20211020,1.077,1.072,1.077,1.066,1.07,-0.007,-0.65,391642.0,41892.416,1.23156165385824,1.1221500000000006,1.0127383461417614,37.39173591766109,-4.022166022263001,0.05326165385823867,-0.15456165385823994,-0.04515000000000069,0.05615000000000059,-0.0020000000000000018,-0.04515000000000069,0.052150000000000585
164,516950.SH,20211021,1.07,1.072,1.076,1.062,1.065,-0.005,-0.4673,256037.0,27373.472,1.2209467699458616,1.1153000000000008,1.00965323005414,34.51820877579606,-2.8735271418650257,0.05234676994585996,-0.14494676994586153,-0.03930000000000078,0.05330000000000079,-0.007000000000000117,-0.045300000000000784,0.0503000000000009
163,516950.SH,20211022,1.065,1.062,1.07,1.059,1.06,-0.005,-0.4695,269128.0,28640.945,1.210574040343758,1.1086500000000006,1.0067259596562432,31.603740029272938,-2.9144687465231236,0.05227404034375671,-0.14057404034375787,-0.03865000000000052,0.04965000000000064,-0.0020000000000000018,-0.04365000000000063,0.048650000000000526
162,516950.SH,20211025,1.06,1.055,1.074,1.052,1.074,0.014,1.3208,661601.34,70752.939,1.2003888181933167,1.1032500000000007,1.0061111818066848,46.71919453085825,15.115454501585315,0.04588881819331525,-0.1263888181933166,-0.029250000000000664,0.051250000000000684,0.019000000000000128,-0.04325000000000068,0.029250000000000664
161,516950.SH,20211026,1.074,1.075,1.099,1.075,1.082,0.008,0.7449,539267.34,58597.211,1.190734993344885,1.098700000000001,1.0066650066551168,53.73089215255082,7.011697621692569,0.06833499334488313,-0.091734993344885,0.0002999999999990788,0.023700000000000943,0.007000000000000117,-0.024700000000000832,0.016700000000000825
160,516950.SH,20211027,1.082,1.077,1.09,1.065,1.067,-0.015,-1.3863,252395.0,27058.317,1.17533278806608,1.0925500000000008,1.0097672119339216,41.45589912081868,-12.274993031732144,0.05523278806607834,-0.08533278806607991,-0.0025500000000007184,0.02755000000000085,-0.010000000000000009,-0.010550000000000725,0.02555000000000085
159,516950.SH,20211028,1.067,1.066,1.069,1.048,1.051,-0.016,-1.4995,329896.0,34741.592,1.1501678547074305,1.0847000000000009,1.0192321452925712,32.076180323167186,-9.379718797651492,0.02876785470742882,-0.0811678547074306,-0.015700000000000935,0.03670000000000084,-0.015000000000000124,-0.017700000000000937,0.03370000000000095
158,516950.SH,20211029,1.051,1.042,1.056,1.037,1.053,0.002,0.1903,310728.58,32589.812,1.1293399793671985,1.0784500000000008,1.027560020632803,34.305755205854,2.229574882686812,0.009439979367196871,-0.0733399793671985,-0.022450000000000747,0.041450000000000875,0.010999999999999899,-0.027450000000000863,0.02545000000000086
157,516950.SH,20211101,1.053,1.048,1.066,1.044,1.062,0.009,0.8547,251174.17,26591.615,1.1231419110773309,1.075550000000001,1.027958088922671,44.19700619016381,9.891250984309814,0.016041911077329107,-0.0571419110773308,-0.009550000000000836,0.031550000000000855,0.014000000000000012,-0.022550000000000958,0.01355000000000084
156,516950.SH,20211102,1.062,1.062,1.062,1.028,1.034,-0.028,-2.6365,370009.0,38561.454,1.1122205691017506,1.0704000000000007,1.0285794308982508,28.293161076199247,-15.903845113964564,-0.0005794308982507435,-0.050220569101750545,-0.00840000000000063,0.04240000000000066,-0.028000000000000025,-0.00840000000000063,0.036400000000000654
155,516950.SH,20211103,1.034,1.03,1.043,1.029,1.041,0.007,0.677,232335.0,24076.983,1.1059052173210522,1.0668500000000007,1.0277947826789493,35.279830370750815,6.986669294551568,0.0012052173210506112,-0.06290521732105225,-0.023850000000000815,0.03785000000000083,0.010999999999999899,-0.03285000000000071,0.025850000000000817
154,516950.SH,20211104,1.041,1.039,1.048,1.035,1.046,0.005,0.4803,306610.0,31974.04,1.0958398217572773,1.0633000000000006,1.0307601782427238,40.26830384016491,4.988473469414096,0.004239821757276108,-0.0478398217572773,-0.015300000000000535,0.028300000000000658,0.007000000000000117,-0.022300000000000653,0.017300000000000537
153,516950.SH,20211105,1.046,1.044,1.044,1.024,1.028,-0.018,-1.7208,271828.0,28011.359,1.087968460961496,1.0592500000000005,1.030531539038505,30.20934422390661,-10.058959616258303,-0.006531539038505008,-0.04396846096149587,-0.01525000000000043,0.03525000000000045,-0.016000000000000014,-0.013250000000000428,0.031250000000000444
152,516950.SH,20211108,1.028,1.029,1.033,1.022,1.032,0.004,0.3891,171937.0,17705.145,1.085814583258602,1.0567500000000005,1.0276854167413991,34.56796314463473,4.358618920728123,-0.0056854167413991075,-0.052814583258602,-0.023750000000000604,0.0347500000000005,0.0030000000000001137,-0.028750000000000497,0.024750000000000494
151,516950.SH,20211109,1.032,1.033,1.037,1.025,1.033,0.001,0.0969,187811.39,19356.376,1.0864570899469836,1.0556000000000005,1.0247429100530174,35.77134022415435,1.203377079519619,0.00025708994698248055,-0.04945708994698372,-0.018600000000000616,0.030600000000000627,0.0,-0.02360000000000051,0.02260000000000062
150,516950.SH,20211110,1.033,1.032,1.032,1.015,1.03,-0.003,-0.2904,229081.0,23404.766,1.0871091450665324,1.0543000000000005,1.0214908549334685,33.55004202371733,-2.221298200437019,-0.0064908549334685706,-0.05510914506653242,-0.02230000000000043,0.03930000000000056,-0.0020000000000000018,-0.02130000000000054,0.024300000000000432
149,516950.SH,20211111,1.03,1.029,1.044,1.027,1.043,0.013,1.2621,306963.0,31840.659,1.0865043491842934,1.0534500000000004,1.0203956508157075,49.76967392755796,16.21963190384063,0.006604349184292424,-0.042504349184293355,-0.009450000000000403,0.02645000000000053,0.014000000000000012,-0.023450000000000415,0.010450000000000514
148,516950.SH,20211112,1.043,1.044,1.044,1.034,1.039,-0.004,-0.3835,211807.0,21995.629,1.0863458021155017,1.0527000000000006,1.0190541978844996,45.65502528449806,-4.114648643059901,0.01494580211550045,-0.04234580211550165,-0.008700000000000596,0.018700000000000605,-0.0050000000000001155,-0.009700000000000708,0.013700000000000712
147,516950.SH,20211115,1.039,1.04,1.044,1.034,1.04,0.001,0.0962,152292.0,15802.872,1.0847582325182805,1.0513500000000007,1.0179417674817208,46.970276104423455,1.3152508199253958,0.016058232518279203,-0.04075823251828048,-0.007350000000000634,0.017350000000000643,0.0,-0.01235000000000075,0.011350000000000637
146,516950.SH,20211116,1.04,1.045,1.045,1.028,1.03,-0.01,-0.9615,259035.0,26827.737,1.0814592051658098,1.0490000000000006,1.0165407948341914,36.399141989992124,-10.57113411443133,0.011459205165808672,-0.036459205165809916,-0.00400000000000067,0.021000000000000574,-0.014999999999999902,-0.009000000000000563,0.019000000000000572
145,516950.SH,20211117,1.03,1.032,1.035,1.023,1.035,0.005,0.4854,177115.69,18250.932,1.0787515872615512,1.0472500000000005,1.0157484127384497,43.96578143038825,7.5666394403961235,0.007251587261550174,-0.04375158726155126,-0.012250000000000538,0.02425000000000055,0.0029999999999998916,-0.01725000000000043,0.012250000000000538
144,516950.SH,20211118,1.035,1.034,1.038,1.03,1.031,-0.004,-0.3865,143940.0,14872.792,1.0767042934440347,1.0455500000000004,1.0143957065559661,39.45908496717836,-4.5066964632098845,0.015604293444033912,-0.0387042934440347,-0.00755000000000039,0.015550000000000397,-0.0030000000000001137,-0.010550000000000503,0.014550000000000507
143,516950.SH,20211119,1.031,1.025,1.041,1.023,1.039,0.008,0.7759,286640.0,29601.492,1.0750450486985281,1.0445000000000007,1.0139549513014732,51.41221964977408,11.953134682595717,0.009045048698526736,-0.0340450486985282,-0.0035000000000007248,0.02150000000000074,0.014000000000000012,-0.013500000000000734,0.0055000000000007265
142,516950.SH,20211122,1.039,1.039,1.042,1.038,1.042,0.003,0.2887,253004.0,26321.479,1.070285397568702,1.0429000000000006,1.0155146024312993,55.37687405483741,3.964654405063328,0.022485397568700716,-0.028285397568701853,-0.000900000000000567,0.0049000000000005706,0.0030000000000001137,-0.0039000000000006807,0.000900000000000567
141,516950.SH,20211123,1.042,1.044,1.055,1.037,1.054,0.012,1.1516,531385.0,55688.226,1.062970910553513,1.0415000000000005,1.020029089446488,67.93553866858831,12.5586646137509,0.016970910553511853,-0.007970910553513066,0.013499999999999401,0.004500000000000615,0.010000000000000009,0.0004999999999995008,-0.012499999999999512
140,516950.SH,20211124,1.054,1.058,1.058,1.041,1.047,-0.007,-0.6641,408437.0,42716.763,1.0587482875908076,1.0405000000000004,1.0222517124091932,56.75450721028148,-11.181031458306826,0.01874828759080671,-0.0007482875908075837,0.017499999999999627,-0.0004999999999995008,-0.01100000000000012,0.013499999999999623,-0.006499999999999506
139,516950.SH,20211125,1.047,1.051,1.052,1.044,1.051,0.004,0.382,284752.0,29850.909,1.0587482875908076,1.0405000000000004,1.0222517124091932,61.14011286635994,4.385605656078461,0.021748287590806825,-0.006748287590807589,0.011499999999999622,-0.0034999999999996145,0.0,0.006499999999999506,-0.01049999999999951
138,516950.SH,20211126,1.051,1.048,1.048,1.04,1.041,-0.01,-0.9515,246831.0,25744.795,1.0572308972646036,1.0399000000000005,1.0225691027353974,46.878121152687044,-14.261991713672899,0.017430897264602674,-0.009230897264603577,0.008099999999999552,-9.99999999995449e-05,-0.007000000000000117,0.011099999999999444,-0.0010999999999994348
137,516950.SH,20211129,1.041,1.03,1.051,1.025,1.049,0.008,0.7685,378691.0,39497.443,1.0539995762649916,1.0392500000000005,1.0245004237350093,56.59752581559544,9.719404662908396,0.0004995762649906421,-0.002999576264991699,0.011749999999999483,0.01425000000000054,0.018999999999999906,0.0017499999999994742,-0.009749999999999481
136,516950.SH,20211130,1.049,1.051,1.063,1.048,1.055,0.006,0.572,442238.0,46766.54,1.0563387031893845,1.0403000000000004,1.0242612968106164,62.734031721325145,6.136505905729706,0.023738703189383648,0.006661296810615447,0.0226999999999995,-0.007699999999999596,0.0040000000000000036,0.008699999999999486,-0.014699999999999491
135,516950.SH,20211201,1.055,1.054,1.068,1.051,1.068,0.013,1.2322,284541.0,30204.172,1.0617325795155308,1.0416500000000004,1.02156742048447,72.75090365789953,10.016871936574383,0.02943257951552991,0.006267420484469266,0.02634999999999965,-0.009349999999999525,0.014000000000000012,0.013349999999999529,-0.02634999999999965
134,516950.SH,20211202,1.068,1.068,1.099,1.062,1.088,0.02,1.8727,742527.0,80624.842,1.0722377166511528,1.0437500000000006,1.0152622833488485,81.78822711617943,9.0373234582799,0.04673771665115156,0.026762283348847227,0.055249999999999355,-0.018249999999999433,0.020000000000000018,0.02424999999999944,-0.044249999999999456
133,516950.SH,20211203,1.088,1.085,1.111,1.077,1.11,0.022,2.0221,736411.0,80862.142,1.0875048862058185,1.0478500000000006,1.0081951137941827,87.33345877716555,5.5452316609861185,0.06880488620581726,0.023495113794181455,0.06314999999999937,-0.029149999999999343,0.025000000000000133,0.040149999999999464,-0.06214999999999948
132,516950.SH,20211206,1.11,1.111,1.127,1.095,1.098,-0.012,-1.0811,837995.0,93023.805,1.0956664014717867,1.0511500000000005,1.0066335985282142,72.82036138373711,-14.513097393428438,0.08836640147178576,0.03133359852821327,0.07584999999999953,-0.0438499999999995,-0.0129999999999999,0.058849999999999625,-0.046849999999999614
131,516950.SH,20211207,1.098,1.109,1.124,1.101,1.123,0.025,2.2769,856877.0,95477.68,1.1091972688378917,1.0556500000000004,1.0021027311621091,80.79789052518406,7.977529141446951,0.09889726883789085,0.014802731162108396,0.06834999999999969,-0.04534999999999956,0.014000000000000012,0.042349999999999666,-0.06734999999999958
130,516950.SH,20211208,1.123,1.128,1.128,1.109,1.116,-0.007,-0.6233,617379.0,68771.716,1.1181753381269492,1.0599500000000004,1.0017246618730515,73.54490835526228,-7.252982169921779,0.10727533812694845,0.009824661873050644,0.0680499999999995,-0.049049999999999594,-0.011999999999999789,0.0630499999999996,-0.05604999999999971
129,516950.SH,20211209,1.116,1.116,1.116,1.108,1.112,-0.004,-0.3584,442357.0,49169.754,1.1252624280157018,1.0634000000000003,1.001537571984299,69.28038888437743,-4.264519470884849,0.10646242801570116,-0.009262428015701651,0.05259999999999976,-0.04459999999999975,-0.0040000000000000036,0.05259999999999976,-0.048599999999999755
128,516950.SH,20211210,1.112,1.11,1.113,1.1,1.103,-0.009,-0.8094,379940.0,41952.977,1.1296916793245906,1.0666000000000004,1.0035083206754103,59.90210567463134,-9.378283209746087,0.0964916793245898,-0.01669167932459059,0.04639999999999955,-0.03339999999999965,-0.007000000000000117,0.04539999999999966,-0.036399999999999544
127,516950.SH,20211213,1.103,1.116,1.136,1.115,1.123,0.02,1.8132,931630.27,104885.274,1.137130343476036,1.0707500000000005,1.004369656523965,70.53745965649524,10.6353539818639,0.11063034347603495,-0.001130343476036133,0.06524999999999936,-0.044249999999999456,0.006999999999999895,0.032249999999999446,-0.052249999999999464
126,516950.SH,20211214,1.123,1.124,1.125,1.098,1.101,-0.022,-1.959,1116945.0,123326.691,1.1391601572615784,1.0743000000000005,1.0094398427384226,52.24571935607296,-18.291740300422283,0.08856015726157751,-0.014160157261578377,0.05069999999999952,-0.02369999999999961,-0.02300000000000013,0.04869999999999952,-0.026699999999999502
125,516950.SH,20211215,1.101,1.1,1.12,1.099,1.112,0.011,0.9991,507551.0,56384.154,1.142359890203914,1.0781500000000004,1.0139401097960867,58.675473261228284,6.429753905155323,0.08505989020391325,-0.022359890203913935,0.04184999999999972,-0.02084999999999959,0.01200000000000001,0.022849999999999593,-0.033849999999999714
124,516950.SH,20211216,1.112,1.115,1.134,1.11,1.129,0.017,1.5288,586638.0,66007.251,1.147076478897382,1.0830500000000005,1.019023521102619,66.9324573567414,8.256984095513111,0.09097647889738103,-0.01307647889738206,0.050949999999999385,-0.026949999999999585,0.014000000000000012,0.028949999999999587,-0.04594999999999949
123,516950.SH,20211217,1.129,1.13,1.14,1.126,1.132,0.003,0.2657,651825.0,73881.723,1.1517627817066678,1.0877000000000006,1.0236372182933333,68.27482408064253,1.3423667239011365,0.10236278170666657,-0.01176278170666789,0.05229999999999935,-0.038299999999999335,0.0020000000000000018,0.04129999999999945,-0.04429999999999934
122,516950.SH,20211220,1.132,1.132,1.143,1.11,1.127,-0.005,-0.4417,1250315.0,140827.755,1.1545837768300602,1.0919500000000004,1.0293162231699406,63.14788605338919,-5.126938027253338,0.08068377683005945,-0.011583776830060177,0.051049999999999596,-0.018049999999999677,-0.004999999999999893,0.040049999999999475,-0.03504999999999958
121,516950.SH,20211221,1.127,1.126,1.141,1.12,1.138,0.011,0.976,1523927.0,173285.583,1.1593046514517933,1.0961500000000004,1.0329953485482075,69.24491593356437,6.097029880175178,0.08700465145179259,-0.018304651451793275,0.04484999999999961,-0.023849999999999705,0.01200000000000001,0.0308499999999996,-0.0418499999999995
120,516950.SH,20211222,1.138,1.141,1.141,1.121,1.125,-0.013,-1.1424,1362210.0,153656.702,1.1601415135439155,1.1000500000000004,1.0399584864560854,56.085455499785894,-13.159460433778477,0.08104151354391465,-0.019141513543915467,0.0409499999999996,-0.02094999999999958,-0.016000000000000014,0.037949999999999484,-0.024949999999999584
119,516950.SH,20211223,1.125,1.125,1.13,1.118,1.129,0.004,0.3556,372283.0,41873.455,1.1608410362007648,1.1039500000000007,1.0470589637992365,58.964868151403735,2.879412651617841,0.07094103620076364,-0.03084103620076495,0.02604999999999924,-0.014049999999999452,0.0040000000000000036,0.021049999999999347,-0.02504999999999935
118,516950.SH,20211224,1.129,1.129,1.134,1.114,1.117,-0.012,-1.0629,376472.0,42172.689,1.1569470527572132,1.1077500000000007,1.0585529472427881,47.704399618570555,-11.26046853283318,0.055447052757211956,-0.022947052757213315,0.02624999999999922,-0.006249999999999423,-0.01200000000000001,0.021249999999999325,-0.009249999999999314
117,516950.SH,20211227,1.117,1.116,1.126,1.111,1.117,0.0,0.0,371264.0,41493.806,1.1523920901506581,1.1111500000000007,1.0699079098493434,47.704399618570555,0.0,0.041092090150656624,-0.026392090150658243,0.014849999999999142,0.00015000000000076064,0.0009999999999998899,0.005849999999999245,-0.005849999999999245
116,516950.SH,20211228,1.117,1.116,1.117,1.102,1.108,-0.009,-0.8057,531497.0,58805.474,1.1461147025360796,1.1138000000000008,1.081485297463922,39.54779891790336,-8.156600700667198,0.020514702536078122,-0.029114702536079617,0.0031999999999992035,0.011800000000000699,-0.008000000000000007,0.0031999999999992035,0.0058000000000006935
115,516950.SH,20211229,1.108,1.108,1.113,1.103,1.106,-0.002,-0.1805,371394.0,41128.373,1.1406487474634597,1.1157000000000008,1.090751252536542,37.82323926922465,-1.7245596486787065,0.012248747463458054,-0.02764874746345969,-0.002700000000000813,0.012700000000000822,-0.0020000000000000018,-0.007700000000000706,0.009700000000000708
114,516950.SH,20211230,1.106,1.1,1.115,1.1,1.112,0.006,0.5425,492883.0,54733.614,1.1384861066428622,1.1169000000000007,1.0953138933571391,46.25966979288749,8.436430523662843,0.004686106642860954,-0.023486106642862214,-0.001900000000000679,0.01690000000000058,0.01200000000000001,-0.010900000000000576,0.0049000000000005706
113,516950.SH,20211231,1.112,1.111,1.125,1.11,1.118,0.006,0.5396,404880.0,45298.937,1.1386550930692845,1.1173000000000006,1.0959449069307168,53.78454230279487,7.524872509907375,0.01405509306928332,-0.013655093069284474,0.007699999999999374,0.007300000000000528,0.007000000000000117,-0.0053000000000005265,-0.0006999999999994788
112,516950.SH,20220104,1.118,1.119,1.122,1.113,1.116,-0.002,-0.1789,349381.0,39041.404,1.1376586741582175,1.1182000000000007,1.098741325841784,50.931891500306726,-2.8526508024881423,0.014258674158216023,-0.015658674158217423,0.0037999999999993594,0.00520000000000076,-0.0029999999999998916,-0.0002000000000006441,0.002200000000000646
111,516950.SH,20220105,1.116,1.118,1.118,1.102,1.107,-0.009,-0.8065,319505.0,35405.701,1.137313814300553,1.1174000000000006,1.0974861856994482,39.59233619601591,-11.339555304290819,0.004513814300551866,-0.0193138143005529,0.0005999999999994898,0.015400000000000524,-0.01100000000000012,-0.001400000000000512,0.010400000000000631
110,516950.SH,20220106,1.107,1.107,1.147,1.1,1.145,0.038,3.4327,925346.0,104521.739,1.1420902667798278,1.1188500000000006,1.0956097332201733,71.61361389969531,32.0212777036794,0.00439026677982679,0.0049097332201721855,0.028149999999999453,0.018850000000000477,0.038000000000000034,-0.011850000000000582,-0.02614999999999945
109,516950.SH,20220107,1.145,1.149,1.173,1.142,1.157,0.012,1.048,961767.0,111934.731,1.1494118349811095,1.1211000000000007,1.0927881650188918,76.36191091697559,4.748297017280279,0.04921183498110815,0.023588165018890495,0.05189999999999939,-0.020899999999999253,0.008000000000000007,0.023899999999999366,-0.03589999999999938
108,516950.SH,20220110,1.157,1.157,1.168,1.145,1.158,0.001,0.0864,701134.0,80962.414,1.1551247501987887,1.1238500000000007,1.0925752498012127,76.75080883678955,0.3888979198139566,0.05242475019878734,0.012875249801211242,0.044149999999999245,-0.021149999999999336,0.0009999999999998899,0.03314999999999935,-0.034149999999999237
107,516950.SH,20220111,1.158,1.161,1.165,1.141,1.146,-0.012,-1.0363,594619.0,68602.003,1.1577230805395278,1.1250000000000007,1.0922769194604736,62.05037483693185,-14.700433999857694,0.04872308053952645,0.007276919460472264,0.03999999999999937,-0.015999999999999348,-0.015000000000000124,0.03299999999999925,-0.02099999999999924
106,516950.SH,20220112,1.146,1.147,1.148,1.128,1.141,-0.005,-0.4363,583153.0,66259.481,1.1584769757123785,1.1270000000000007,1.0955230242876228,56.62732897701751,-5.423045859914339,0.032476975712377065,-0.0104769757123786,0.02099999999999924,-0.0009999999999992237,-0.006000000000000005,0.01899999999999924,-0.013999999999999346
105,516950.SH,20220113,1.141,1.135,1.141,1.12,1.121,-0.02,-1.7528,1577030.66,177586.479,1.1583075760551396,1.1274500000000005,1.0965924239448614,39.89222635885887,-16.735102618158642,0.023407576055138657,-0.01730757605513955,0.013549999999999507,0.007450000000000401,-0.014000000000000012,0.013549999999999507,0.006450000000000511
104,516950.SH,20220114,1.121,1.121,1.121,1.096,1.098,-0.023,-2.0517,789034.0,87538.408,1.1593000000000089,1.1259000000000003,1.0924999999999918,28.33592642170879,-11.55629993715008,0.0035000000000082743,-0.03830000000000888,-0.0049000000000003485,0.02990000000000026,-0.02299999999999991,-0.0049000000000003485,0.027900000000000258
103,516950.SH,20220117,1.098,1.092,1.109,1.09,1.105,0.007,0.6375,1335978.0,147680.249,1.159020131998583,1.1245500000000004,1.0900798680014179,35.19250154580447,6.856575124095677,-7.986800141779327e-05,-0.050020131998582906,-0.015550000000000397,0.0345500000000003,0.0129999999999999,-0.026550000000000296,0.0195500000000004
102,516950.SH,20220118,1.105,1.107,1.146,1.103,1.138,0.033,2.9864,1120013.0,126426.385,1.1600565444516426,1.1251000000000004,1.0901434555483582,57.95150867346281,22.759007127658343,0.01285654445164175,-0.014056544451642727,0.020899999999999475,0.022100000000000453,0.030999999999999917,-0.02010000000000045,-0.012899999999999467
101,516950.SH,20220119,1.138,1.14,1.153,1.136,1.143,0.005,0.4394,982863.0,112617.511,1.1607408180182197,1.1253500000000005,1.0899591819817813,60.47519350034829,2.5236848268854786,0.04604081801821858,-0.007740818018219686,0.02764999999999951,-0.010649999999999382,0.0030000000000001137,0.012649999999999384,-0.0176499999999995
100,516950.SH,20220120,1.143,1.143,1.158,1.126,1.147,0.004,0.35,845853.53,96669.435,1.1630749914675445,1.1264500000000006,1.0898250085324568,62.628455979036225,2.1532624786879353,0.036174991467543105,-0.005074991467544532,0.0315499999999993,0.0004500000000007276,0.0040000000000000036,0.0165499999999994,-0.020549999999999402
99,516950.SH,20220121,1.147,1.141,1.144,1.118,1.121,-0.026,-2.2668,527175.47,59489.315,1.1627295583397503,1.1260500000000004,1.0893704416602505,43.951819025265124,-18.6766369537711,0.02862955833974956,-0.01872955833975043,0.017949999999999466,0.008050000000000335,-0.020000000000000018,0.02094999999999958,0.005050000000000443
98,516950.SH,20220124,1.121,1.12,1.137,1.11,1.122,0.001,0.0892,534353.53,60054.147,1.1627971231743042,1.1263000000000003,1.0898028768256964,44.71277522626085,0.7609562009957287,0.020197123174303666,-0.02579712317430416,0.01069999999999971,0.016300000000000203,0.0020000000000000018,-0.0053000000000003045,0.0043000000000001926
97,516950.SH,20220125,1.122,1.113,1.12,1.081,1.084,-0.038,-3.3868,735457.0,80856.501,1.1654140773230504,1.1246500000000004,1.0838859226769504,27.615767729826217,-17.097007496434635,-0.0028859226769504254,-0.04541407732305025,-0.004650000000000265,0.04365000000000041,-0.028999999999999915,-0.0026500000000002633,0.0406500000000003
96,516950.SH,20220126,1.084,1.084,1.099,1.081,1.099,0.015,1.3838,421263.25,45998.778,1.1658778118427553,1.1242000000000003,1.0825221881572453,38.715836008210275,11.100068278384057,-0.0015221881572453633,-0.06687781184275532,-0.025200000000000333,0.04320000000000035,0.014999999999999902,-0.040200000000000236,0.025200000000000333
95,516950.SH,20220127,1.099,1.099,1.101,1.078,1.081,-0.018,-1.6379,579940.37,63081.141,1.1680918874217943,1.1229500000000001,1.077808112578206,31.712900395519956,-7.002935612690319,0.00019188742179410134,-0.06709188742179428,-0.021950000000000136,0.044950000000000045,-0.018000000000000016,-0.023950000000000138,0.041950000000000154
94,516950.SH,20220128,1.081,1.085,1.087,1.057,1.069,-0.012,-1.1101,536477.0,57371.975,1.1715684941671816,1.1208,1.0700315058328185,27.704010553569088,-4.008889841950868,-0.013031505832818535,-0.0845684941671816,-0.03380000000000005,0.06380000000000008,-0.016000000000000014,-0.03980000000000006,0.05180000000000007
93,516950.SH,20220207,1.069,1.094,1.13,1.084,1.128,0.059,5.5192,881953.0,97999.046,1.1721452554325569,1.1213000000000002,1.0704547445674435,58.58934345875449,30.885332905185404,0.01354525543255658,-0.04214525543255698,0.008699999999999708,0.03730000000000011,0.03399999999999981,-0.052300000000000235,-0.006699999999999706
92,516950.SH,20220208,1.128,1.129,1.139,1.115,1.138,0.01,0.8865,1195544.0,134903.059,1.1736889851722836,1.1224,1.0711110148277165,61.89984684771359,3.3105033889590985,0.04388898517228346,-0.03468898517228358,0.016599999999999948,0.007400000000000073,0.008999999999999897,0.005599999999999827,-0.015599999999999836
91,516950.SH,20220209,1.138,1.139,1.139,1.127,1.136,-0.002,-0.1757,677929.0,76768.194,1.1749548921337634,1.12385,1.0727451078662367,60.734569984865814,-1.1652768628477759,0.05425489213376333,-0.03595489213376335,0.015149999999999997,-0.003149999999999986,-0.0030000000000001137,0.014149999999999885,-0.012149999999999883
90,516950.SH,20220210,1.136,1.137,1.154,1.128,1.145,0.009,0.7923,887731.0,101562.387,1.1749548921337634,1.12385,1.0727451078662367,64.3578144352649,3.623244450399085,0.05525489213376322,-0.020954892133763448,0.0301499999999999,-0.004149999999999876,0.008000000000000007,0.012149999999999883,-0.021150000000000002
89,516950.SH,20220211,1.145,1.142,1.151,1.124,1.126,-0.019,-1.6594,827282.0,94035.663,1.171118439139347,1.1223,1.0734815608606532,52.163751489906915,-12.194062945357985,0.05051843913934695,-0.020118439139346966,0.028699999999999948,-0.0017000000000000348,-0.016000000000000014,0.022699999999999942,-0.0036999999999998145
88,516950.SH,20220214,1.126,1.121,1.128,1.105,1.11,-0.016,-1.421,722664.18,80553.702,1.1661121196225035,1.1199,1.0736878803774963,43.78109949155167,-8.382651998355243,0.03131211962250369,-0.038112119622503604,0.008099999999999996,0.014899999999999913,-0.010999999999999899,0.006099999999999994,0.009899999999999798
87,516950.SH,20220215,1.11,1.104,1.122,1.104,1.121,0.011,0.991,459086.5,51088.27,1.1632965004228004,1.11865,1.0740034995771994,50.361940033458495,6.580840541906824,0.029996500422800665,-0.04129650042280031,0.003350000000000186,0.01464999999999983,0.016999999999999904,-0.008649999999999824,-0.0023500000000000743
86,516950.SH,20220216,1.121,1.13,1.142,1.125,1.135,0.014,1.2489,699406.12,79361.784,1.162469270166259,1.11835,1.074230729833741,57.890261579548344,7.528321546089849,0.050769270166258984,-0.02046927016625899,0.02364999999999995,-0.006650000000000045,0.0050000000000001155,0.002650000000000041,-0.016650000000000054
85,516950.SH,20220217,1.135,1.136,1.138,1.123,1.132,-0.003,-0.2643,462995.15,52252.437,1.1634102235447163,1.1189000000000002,1.074389776455284,55.717320027262865,-2.1729415522854794,0.04861022354471589,-0.025410223544716448,0.019099999999999673,-0.0040999999999997705,-0.0040000000000000036,0.01609999999999978,-0.013099999999999667
84,516950.SH,20220218,1.132,1.125,1.143,1.117,1.142,0.01,0.8834,640623.0,72645.108,1.165610223544726,1.1211000000000002,1.0765897764552743,61.498079704015275,5.78075967675241,0.040410223544725676,-0.022610223544726082,0.02189999999999981,0.004100000000000215,0.016999999999999904,0.010899999999999688,-0.020899999999999697
83,516950.SH,20220221,1.142,1.142,1.143,1.13,1.141,-0.001,-0.0876,440941.0,49984.618,1.1675716912596996,1.1229000000000002,1.0782283087403008,60.54956666824754,-0.948513035767732,0.05177169125969905,-0.024571691259699602,0.020099999999999785,-0.007099999999999662,-0.0009999999999998899,0.019099999999999673,-0.018099999999999783
82,516950.SH,20220222,1.141,1.132,1.132,1.108,1.114,-0.027,-2.3663,634190.0,70835.019,1.165972338993996,1.1217000000000004,1.0774276610060047,40.37391338080609,-20.175653287441456,0.030572338993995363,-0.0339723389939961,0.010299999999999532,0.013700000000000268,-0.017999999999999794,0.01929999999999965,0.007700000000000262
81,516950.SH,20220223,1.114,1.114,1.125,1.105,1.124,0.01,0.8977,546485.74,60765.473,1.1639559023745554,1.1207500000000004,1.0775440976254453,48.065099985711555,7.691186604905468,0.02745590237455464,-0.03895590237455537,0.004249999999999643,0.015750000000000375,0.010000000000000009,-0.006750000000000256,-0.003249999999999753
80,516950.SH,20220224,1.124,1.113,1.113,1.076,1.088,-0.036,-3.2028,774288.0,84730.828,1.1614879846182085,1.1178000000000003,1.0741120153817922,30.865607865184614,-17.19949212052694,0.0018879846182078275,-0.04848798461820847,-0.0048000000000003595,0.04180000000000028,-0.02499999999999991,0.006199999999999761,0.02980000000000027
79,516950.SH,20220225,1.088,1.094,1.103,1.08,1.085,-0.003,-0.2757,557036.76,60747.902,1.1619216724433956,1.1160000000000005,1.0700783275566055,29.799278138033564,-1.0663297271510501,0.009921672443394591,-0.058921672443395634,-0.013000000000000567,0.036000000000000476,-0.009000000000000119,-0.02800000000000047,0.031000000000000583
78,516950.SH,20220228,1.085,1.086,1.086,1.066,1.083,-0.002,-0.1843,405112.0,43588.192,1.1620519791258683,1.1140500000000004,1.0660480208741325,28.997835846125312,-0.801442291908252,-4.802087413247058e-05,-0.07605197912586825,-0.028050000000000352,0.04805000000000037,-0.0030000000000001137,-0.029050000000000464,0.031050000000000466
77,516950.SH,20220301,1.083,1.082,1.095,1.082,1.094,0.011,1.0157,467733.0,50995.614,1.1614860202829136,1.1145500000000006,1.0676139797170876,39.70117521934803,10.703339373222718,0.01438602028291247,-0.06648602028291362,-0.019550000000000622,0.03255000000000052,0.01200000000000001,-0.03155000000000063,0.020550000000000512
76,516950.SH,20220302,1.094,1.085,1.095,1.083,1.092,-0.002,-0.1828,316403.0,34485.005,1.1616956840144375,1.1142000000000005,1.0667043159855636,38.43697611006242,-1.264199109285613,0.016295684014436373,-0.06669568401443748,-0.01920000000000055,0.03120000000000056,0.007000000000000117,-0.02020000000000044,0.02220000000000044
75,516950.SH,20220303,1.092,1.1,1.104,1.092,1.098,0.006,0.5495,447889.24,49172.395,1.160711690726465,1.1150500000000005,1.0693883092735361,44.76841114169481,6.331435031632395,0.022611690726463962,-0.05671169072646487,-0.011050000000000448,0.02305000000000046,-0.0020000000000000018,-0.02305000000000046,0.017050000000000454
74,516950.SH,20220304,1.098,1.088,1.091,1.077,1.08,-0.018,-1.6393,428149.0,46377.892,1.1592504295511348,1.1156000000000006,1.0719495704488664,32.67192086918681,-12.096490272508,0.005050429551133551,-0.0682504295511348,-0.02460000000000062,0.038600000000000634,-0.008000000000000007,-0.017600000000000504,0.03560000000000052
73,516950.SH,20220307,1.08,1.08,1.088,1.068,1.074,-0.006,-0.5556,572632.0,61654.732,1.159714100439913,1.1129000000000007,1.0660858995600884,29.485148718381787,-3.1867721508050266,0.0019141004399116923,-0.07171410043991289,-0.02490000000000059,0.044900000000000606,-0.006000000000000005,-0.032900000000000595,0.0389000000000006
72,516950.SH,20220308,1.074,1.072,1.074,1.041,1.048,-0.026,-2.4209,595018.0,62889.534,1.1615691639956618,1.1084000000000007,1.0552308360043396,19.562857343184785,-9.922291375197002,-0.01423083600433972,-0.08756916399566173,-0.03440000000000065,0.06740000000000079,-0.02400000000000002,-0.03440000000000065,0.060400000000000675
71,516950.SH,20220309,1.048,1.05,1.056,0.988,1.037,-0.011,-1.0496,679154.0,69961.164,1.1634182415950067,1.1034500000000007,1.0434817584049947,16.708284676179904,-2.8545726670048808,-0.0554817584049947,-0.10741824159500668,-0.04745000000000066,0.11545000000000072,-0.013000000000000123,-0.055450000000000665,0.06645000000000079
70,516950.SH,20220310,1.037,1.055,1.057,1.04,1.045,0.008,0.7715,436973.0,45733.005,1.160370836557622,1.0984500000000008,1.0365291634423797,26.11702990301954,9.408745226839635,0.0034708365576203715,-0.10337083655762203,-0.041450000000000875,0.05845000000000078,-0.010000000000000009,-0.06145000000000089,0.053450000000000886
69,516950.SH,20220311,1.045,1.023,1.044,1.01,1.037,-0.008,-0.7656,499211.0,51099.556,1.1600181793144635,1.0940000000000007,1.027981820685538,22.99938042341275,-3.11764947960679,-0.017981820685537997,-0.11601817931446345,-0.05000000000000071,0.08400000000000074,0.014000000000000012,-0.04900000000000082,0.05700000000000083
68,516950.SH,20220314,1.037,1.025,1.044,1.013,1.014,-0.023,-2.2179,422028.0,43462.409,1.163328537015092,1.0892000000000006,1.0150714629849091,16.29042387665817,-6.708956546754578,-0.0020714629849092336,-0.11932853701509205,-0.04520000000000057,0.07620000000000071,-0.010999999999999899,-0.05220000000000069,0.0752000000000006
67,516950.SH,20220315,1.014,1.007,1.008,0.948,0.951,-0.063,-6.213,1842374.54,179733.768,1.1746342323117487,1.0807000000000007,0.9867657676882525,8.316487737586927,-7.9739361390712435,-0.03876576768825257,-0.16663423231174868,-0.07270000000000065,0.1327000000000007,-0.05599999999999994,-0.06670000000000065,0.1297000000000007
66,516950.SH,20220316,0.951,0.956,0.984,0.933,0.978,0.027,2.8391,2278832.0,219239.977,1.173333381710595,1.0728500000000007,0.9723666182894064,26.754896077240055,18.43840833965313,-0.03936661828940635,-0.1893333817105951,-0.08885000000000076,0.1398500000000007,0.02200000000000002,-0.12185000000000079,0.09485000000000077
65,516950.SH,20220317,0.978,0.999,1.004,0.987,0.991,0.013,1.3292,1014257.12,100824.207,1.1684559301745223,1.0658000000000007,0.9631440698254792,34.37974014591877,7.624844068678712,0.023855930174520812,-0.1644559301745223,-0.06180000000000074,0.07880000000000076,-0.008000000000000007,-0.08780000000000077,0.07480000000000075
64,516950.SH,20220318,0.991,0.98,1.014,0.98,1.012,0.021,2.1191,952453.12,95425.18,1.1582284589994003,1.0593000000000008,0.9603715410006014,45.39810757218196,11.01836742626319,0.01962845899939858,-0.1442284589994003,-0.045300000000000784,0.07930000000000081,0.03200000000000003,-0.0683000000000008,0.047300000000000786
63,516950.SH,20220321,1.012,1.008,1.015,0.999,1.012,0.0,0.0,713384.12,72060.627,1.1463000401283887,1.0528500000000007,0.9593999598716128,45.39810757218195,-7.105427357601002e-15,0.03960004012838725,-0.1313000401283888,-0.03785000000000083,0.05385000000000073,0.0040000000000000036,-0.04085000000000072,0.04085000000000072
62,516950.SH,20220322,1.012,1.012,1.025,1.0,1.018,0.006,0.5929,890150.0,90461.904,1.1382486141800219,1.0480500000000008,0.9578513858199796,48.92644294090727,3.5283353687253225,0.04214861418002036,-0.11324861418002197,-0.023050000000000903,0.048050000000000814,0.006000000000000005,-0.036050000000000804,0.0300500000000008
61,516950.SH,20220323,1.018,1.018,1.024,1.014,1.021,0.003,0.2947,1023831.0,104376.711,1.1266995226716492,1.0429000000000008,0.9591004773283524,50.832735107604464,1.9062921666971917,0.05489952267164766,-0.10269952267164917,-0.018900000000000805,0.028900000000000814,0.0029999999999998916,-0.02490000000000081,0.02190000000000092
60,516950.SH,20220324,1.021,1.018,1.018,1.005,1.007,-0.014,-1.3712,638337.0,64488.201,1.121358848010351,1.038850000000001,0.956341151989651,42.04468561661258,-8.788049490991881,0.04865884801034892,-0.10335884801035089,-0.020850000000000923,0.033850000000001046,-0.01100000000000012,-0.01785000000000103,0.031850000000001044
59,516950.SH,20220325,1.007,1.007,1.011,0.996,0.998,-0.009,-0.8937,573736.0,57645.718,1.1159849679388483,1.0345000000000009,0.9530150320611536,37.09718666169955,-4.94749895491303,0.04298496793884643,-0.10498496793884837,-0.023500000000000965,0.03850000000000087,-0.008999999999999897,-0.027500000000000968,0.036500000000000865
58,516950.SH,20220328,0.998,0.993,1.01,0.98,1.009,0.011,1.1022,741989.0,74129.584,1.1098230346164542,1.030800000000001,0.951776965383548,46.35548818736523,9.25830152566568,0.028223034616452036,-0.09982303461645414,-0.02080000000000104,0.050800000000001067,0.015999999999999903,-0.03280000000000105,0.021800000000001152
57,516950.SH,20220329,1.009,1.01,1.012,0.992,0.997,-0.012,-1.1893,634502.0,63465.906,1.1006506693409968,1.025950000000001,0.9512493306590054,38.86674078568883,-7.488747401676399,0.04075066934099458,-0.08865066934099675,-0.013950000000001017,0.033950000000001035,-0.013000000000000012,-0.01695000000000113,0.02895000000000103
56,516950.SH,20220330,0.997,0.999,1.025,0.999,1.022,0.025,2.5075,820819.0,83399.205,1.0907273022313648,1.022450000000001,0.9541726977686371,56.45394620442807,17.587205418739238,0.04482730223136289,-0.06572730223136491,0.002549999999998942,0.02345000000000097,0.02300000000000002,-0.025450000000000972,0.00045000000000094964
55,516950.SH,20220331,1.022,1.031,1.032,1.016,1.02,-0.002,-0.1957,747660.0,76591.653,1.0773767796160416,1.018550000000001,0.9597232203839603,54.93671010521643,-1.5172360992116438,0.05627677961603972,-0.045376779616041585,0.013449999999999074,0.0025500000000009404,-0.010999999999999899,0.003449999999999065,-0.0014499999999990631
54,516950.SH,20220401,1.02,1.019,1.022,1.007,1.019,-0.001,-0.098,802707.0,81561.406,1.0671546222519843,1.0155000000000007,0.963845377748017,54.064892852560064,-0.8718172526563635,0.043154622251982855,-0.0451546222519843,0.006499999999999284,0.00850000000000084,0.0,0.004499999999999282,-0.0034999999999991704
53,516950.SH,20220406,1.019,1.019,1.045,1.011,1.044,0.025,2.4534,1020316.0,104952.843,1.0602298604799492,1.0140000000000007,0.9677701395200521,68.88043581216199,14.815542959601927,0.04322986047994781,-0.015229860479949231,0.03099999999999925,0.00300000000000078,0.025000000000000133,0.004999999999999227,-0.02999999999999936
52,516950.SH,20220407,1.044,1.042,1.052,1.032,1.036,-0.008,-0.7663,988488.0,103080.721,1.0581365622281722,1.0134000000000007,0.9686634377718292,61.28958053024475,-7.590855281917243,0.06333656222817086,-0.00613656222817216,0.0385999999999993,-0.018599999999999284,-0.006000000000000005,0.030599999999999294,-0.022599999999999287
51,516950.SH,20220408,1.036,1.043,1.078,1.043,1.075,0.039,3.7645,1515710.0,161050.986,1.0666267961205071,1.0153000000000008,0.9639732038794945,76.46338949476578,15.17380896452103,0.07902679612050545,0.011373203879492921,0.06269999999999931,-0.02769999999999917,0.03200000000000003,0.020699999999999275,-0.0596999999999992
50,516950.SH,20220411,1.075,1.086,1.088,1.053,1.063,-0.012,-1.1163,1551703.3,166150.181,1.0701429328086156,1.0162000000000009,0.9622570671913862,66.79588606154907,-9.667503433216709,0.09074293280861379,0.017857067191384468,0.0717999999999992,-0.036799999999999056,-0.02300000000000013,0.058799999999999075,-0.046799999999999065
49,516950.SH,20220412,1.063,1.066,1.074,1.04,1.068,0.005,0.4704,1246790.8,131766.125,1.0756322079744252,1.0177500000000008,0.9598677920255765,68.7701306703619,1.9742446088128247,0.08013220797442355,-0.0016322079744250928,0.056249999999999245,-0.022249999999999215,0.0020000000000000018,0.045249999999999124,-0.05024999999999924
48,516950.SH,20220413,1.068,1.055,1.056,1.036,1.036,-0.032,-2.9963,1133455.3,118652.362,1.0772392969643696,1.018850000000001,0.9604607030356322,47.21160524134186,-21.558525429020037,0.07553929696436779,-0.021239296964369547,0.03714999999999913,-0.01714999999999911,-0.018999999999999906,0.04914999999999914,-0.01714999999999911
47,516950.SH,20220414,1.036,1.043,1.057,1.035,1.053,0.017,1.6409,1283473.2,134094.018,1.075114343052495,1.023950000000001,0.9727856569475071,56.004091228325635,8.792485986983777,0.06221434305249285,-0.01811434305249504,0.033049999999998914,-0.011049999999998894,0.010000000000000009,0.012049999999999006,-0.02904999999999891
46,516950.SH,20220415,1.053,1.05,1.05,1.028,1.033,-0.02,-1.8993,1535147.0,160072.022,1.073408029288259,1.026700000000001,0.979991970711743,45.342122679956645,-10.66196854836899,0.04800802928825698,-0.023408029288259025,0.023299999999998988,-0.0012999999999989686,-0.017000000000000126,0.02629999999999888,-0.006299999999998862
45,516950.SH,20220418,1.033,1.02,1.025,1.01,1.017,-0.016,-1.5489,1038962.0,105868.259,1.0720318066855477,1.028000000000001,0.9839681933144542,38.335755380482844,-7.006367299473801,0.026031806685545833,-0.04703180668554774,-0.003000000000001002,0.018000000000000904,-0.0030000000000001137,0.004999999999999005,0.011000000000001009
44,516950.SH,20220419,1.017,1.02,1.028,1.016,1.021,0.004,0.3933,902353.0,92094.44,1.0719998564864832,1.028450000000001,0.9849001435135187,41.067662772722855,2.731907392240011,0.03109985648648128,-0.04399985648648319,-0.00045000000000094964,0.01245000000000096,0.0009999999999998899,-0.01145000000000107,0.007450000000001067
43,516950.SH,20220420,1.021,1.02,1.023,0.988,0.994,-0.027,-2.6445,1086228.0,109040.787,1.0731196170709465,1.027550000000001,0.9819803829290555,30.222281529208097,-10.845381243514758,0.00601961707094445,-0.05011961707094659,-0.004550000000001164,0.039550000000001084,-0.026000000000000023,-0.006550000000001166,0.03355000000000108
42,516950.SH,20220421,0.994,0.991,0.991,0.957,0.961,-0.033,-3.3199,1321035.67,128621.25,1.0786596145278535,1.0247000000000008,0.9707403854721482,21.784561930330316,-8.43771959887778,-0.013740385472148287,-0.08765961452785354,-0.03370000000000084,0.06770000000000087,-0.030000000000000027,-0.030700000000000838,0.06370000000000087
41,516950.SH,20220422,0.961,0.949,0.977,0.948,0.97,0.009,0.9365,997322.01,96191.104,1.0811526270601182,1.0221500000000008,0.9631473729398834,28.332850211695472,6.548288281365156,-0.015147372939883441,-0.10415262706011819,-0.0451500000000008,0.07415000000000083,0.02100000000000002,-0.061150000000000815,0.05215000000000081
40,516950.SH,20220425,0.97,0.95,0.966,0.92,0.924,-0.046,-4.7423,1494851.0,141569.788,1.0907543813113425,1.0180000000000007,0.945245618688659,18.720211382478,-9.612638829217474,-0.025245618688658933,-0.12475438131134253,-0.05200000000000071,0.09800000000000064,-0.025999999999999912,-0.04800000000000071,0.09400000000000064
39,516950.SH,20220426,0.924,0.931,0.945,0.914,0.918,-0.006,-0.6494,1352776.0,125806.393,1.09855294199492,1.0140000000000007,0.9294470580050813,17.776223279726963,-0.9439881027510353,-0.015447058005081282,-0.1535529419949201,-0.06900000000000073,0.10000000000000064,-0.013000000000000012,-0.09000000000000064,0.09600000000000064
38,516950.SH,20220427,0.918,0.948,0.96,0.922,0.96,0.042,4.5752,2517834.0,237393.383,1.0993189580660383,1.0115500000000006,0.923781041933963,42.241532933217115,24.465309653490152,-0.0017810419339630013,-0.13931895806603833,-0.05155000000000065,0.08955000000000057,0.01200000000000001,-0.09355000000000058,0.05155000000000065
37,516950.SH,20220428,0.96,0.955,0.969,0.94,0.966,0.006,0.625,2071298.01,198650.24,1.0998131393505317,1.0100000000000007,0.9201868606494695,45.04468220747313,2.8031492742560147,0.019813139350530418,-0.13081313935053174,-0.0410000000000007,0.07000000000000073,0.01100000000000001,-0.05000000000000071,0.044000000000000705
36,516950.SH,20220429,0.966,0.966,0.993,0.959,0.992,0.026,2.6915,1989622.0,194370.466,1.0984633258611287,1.0085000000000008,0.918536674138873,56.11886653281539,11.074184325342259,0.040463325861127,-0.10546332586112872,-0.015500000000000846,0.04950000000000088,0.026000000000000023,-0.04250000000000087,0.016500000000000847
35,516950.SH,20220505,0.992,0.995,1.001,0.986,0.992,0.0,0.0,1672558.0,166374.859,1.097175301831282,1.0071000000000008,0.9170246981687196,56.11886653281538,-7.105427357601002e-15,0.06897530183128042,-0.09617530183128209,-0.0061000000000008825,0.021100000000000785,-0.0030000000000000027,-0.01510000000000078,0.01510000000000078
34,516950.SH,20220506,0.992,0.966,0.978,0.96,0.966,-0.026,-2.621,1959962.0,189615.476,1.0960741780317615,1.004450000000001,0.9128258219682402,43.49699465153792,-12.621871881277464,0.04717417803175972,-0.11807417803176157,-0.026450000000000973,0.04445000000000099,0.0,-0.01245000000000096,0.03845000000000098
33,516950.SH,20220509,0.966,0.965,0.983,0.965,0.975,0.009,0.9317,1186819.0,115757.284,1.0915980132232241,1.001000000000001,0.9104019867767777,48.324776606310365,4.827781954772448,0.05459801322322222,-0.10859801322322415,-0.018000000000001015,0.03600000000000103,0.010000000000000009,-0.03500000000000103,0.026000000000001022
32,516950.SH,20220510,0.975,0.959,1.002,0.955,0.998,0.023,2.359,1470967.0,144664.096,1.0882647912575107,0.999100000000001,0.9099352087424913,59.05372331780612,10.728946711495752,0.04506479125750862,-0.08626479125751074,0.0028999999999990145,0.04410000000000103,0.039000000000000035,-0.02410000000000101,0.001100000000000989
31,516950.SH,20220511,0.998,1.0,1.006,0.99,0.991,-0.007,-0.7014,1764473.74,176275.123,1.0770021315191955,0.994900000000001,0.9127978684808065,54.891447472742286,-4.1622758450638315,0.07720213151919353,-0.07100213151919554,0.011099999999999,0.004900000000001015,-0.009000000000000008,0.0030999999999989925,0.0039000000000010138
30,516950.SH,20220512,0.991,0.985,0.998,0.979,0.994,0.003,0.3027,1151054.0,113790.356,1.0673827992371885,0.991450000000001,0.9155172007628137,56.46936057050384,1.5779130977615523,0.06348279923718625,-0.06938279923718849,0.0065499999999989456,0.012450000000001071,0.009000000000000008,-0.00045000000000106066,-0.002549999999998942
29,516950.SH,20220513,0.994,0.997,1.0,0.989,0.996,0.002,0.2012,1020989.0,101477.166,1.055274847052076,0.987850000000001,0.9204251529479259,57.65437257213666,1.1850120016328205,0.06857484705207406,-0.05527484705207608,0.012149999999998995,-0.0011499999999989852,-0.0010000000000000009,0.00614999999999899,-0.008149999999998991
28,516950.SH,20220516,0.996,0.997,1.004,0.989,0.996,0.0,0.0,925132.0,91991.1,1.049722607587271,0.9858500000000008,0.9219773924127306,57.65437257213666,0.0,0.06702260758726941,-0.04572260758727098,0.018149999999999222,-0.003149999999999209,-0.0010000000000000009,0.010149999999999215,-0.010149999999999215
27,516950.SH,20220517,0.996,0.995,0.996,0.972,0.986,-0.01,-1.004,1238161.48,121344.445,1.0384732078766037,0.9825000000000008,0.9265267921233981,48.205922056868175,-9.448450515268483,0.04547320787660192,-0.04247320787660369,0.01349999999999918,0.010500000000000842,-0.009000000000000008,0.01349999999999918,-0.0034999999999991704
26,516950.SH,20220518,0.986,0.985,0.988,0.975,0.98,-0.006,-0.6085,2617165.7,256575.973,1.0308020362693944,0.9798500000000008,0.9288979637306072,43.11822007725512,-5.087701979613058,0.0461020362693928,-0.04280203626939438,0.008149999999999213,0.004850000000000798,-0.0050000000000000044,0.006149999999999212,-0.00014999999999920632
25,516950.SH,20220519,0.98,0.964,0.996,0.961,0.995,0.015,1.5306,1270970.0,124420.783,1.0273416659520553,0.9787500000000009,0.9301583340479466,56.797216910313765,13.678996833058648,0.0308416659520534,-0.03134166595205534,0.0172499999999991,0.01775000000000093,0.031000000000000028,0.0012499999999990852,-0.0162499999999991
24,516950.SH,20220520,0.995,0.995,1.006,0.994,1.005,0.01,1.005,1562085.0,156322.199,1.0242035404049996,0.9779500000000008,0.931696459595002,63.76775497238534,6.970538062071576,0.06230354040499797,-0.018203540404999607,0.028049999999999242,-0.01604999999999923,0.009999999999999898,0.017049999999999232,-0.02704999999999913
23,516950.SH,20220523,1.005,1.005,1.005,0.991,0.999,-0.006,-0.597,1173289.0,116930.41,1.0248501875665768,0.9782000000000007,0.9315498124334247,57.130957327684506,-6.6367976447008346,0.059450187566575274,-0.01985018756657686,0.026799999999999158,-0.012799999999999256,-0.005999999999999894,0.026799999999999158,-0.020799999999999264
22,516950.SH,20220524,0.999,1.0,1.001,0.964,0.967,-0.032,-3.2032,1131889.0,111595.805,1.0247795851320745,0.9785000000000007,0.932220414867927,34.29029654860961,-22.840660779074895,0.03177958513207302,-0.023779585132074565,0.022499999999999187,0.014500000000000735,-0.03300000000000003,0.020499999999999297,0.011500000000000732
21,516950.SH,20220525,0.967,0.965,0.99,0.96,0.99,0.023,2.3785,1054011.0,102789.022,1.0258659357718267,0.9795000000000007,0.9331340642281747,51.1387729894768,16.848476440867188,0.026865935771825278,-0.03586593577182673,0.010499999999999288,0.01950000000000074,0.025000000000000022,-0.012500000000000733,-0.010499999999999288
20,516950.SH,20220526,0.99,0.995,1.014,0.993,1.009,0.019,1.9192,1405919.0,141125.57,1.0241919336827081,0.9837500000000008,0.9433080663172936,61.041237454196576,9.902464464719777,0.04969193368270641,-0.010191933682708099,0.030249999999999222,-0.009249999999999203,0.013999999999999901,0.006249999999999201,-0.025249999999999106
19,516950.SH,20220527,1.009,1.011,1.018,1.004,1.013,0.004,0.3964,1107804.0,112059.717,1.0176856128939586,0.9885000000000008,0.9593143871060429,62.93875817672513,1.8975207225285544,0.044685612893957116,0.00031438710604136944,0.029499999999999194,-0.015499999999999181,0.0020000000000000018,0.020499999999999075,-0.024499999999999078
18,516950.SH,20220530,1.013,1.019,1.021,1.007,1.012,-0.001,-0.0987,1088721.71,110359.814,1.0188985611137515,0.9911000000000009,0.9633014388862502,62.0323560728814,-0.9064021038437318,0.0436985611137497,0.0021014388862483635,0.02989999999999904,-0.015899999999999026,-0.006999999999999895,0.02189999999999903,-0.02089999999999914
17,516950.SH,20220531,1.012,1.013,1.014,0.998,1.011,-0.001,-0.0988,1033169.0,103783.338,1.0199152028035865,0.9933500000000007,0.966784797196415,60.97854909998155,-1.0538069728998494,0.03121520280358503,-0.005915202803586483,0.02064999999999928,-0.004649999999999266,-0.0020000000000000018,0.01864999999999928,-0.017649999999999166
16,516950.SH,20220601,1.011,1.01,1.01,0.998,1.004,-0.007,-0.6924,1043172.0,104713.647,1.0209053334239404,0.9939500000000008,0.9669946665760613,53.36359704170275,-7.614952058278803,0.03100533342393874,-0.0109053334239404,0.01604999999999923,-0.004049999999999221,-0.006000000000000005,0.01704999999999912,-0.010049999999999226
15,516950.SH,20220602,1.004,1.005,1.014,1.0,1.013,0.009,0.8964,1334352.0,134394.178,1.0231780056071555,0.9950000000000007,0.9668219943928458,60.89750443668213,7.53390739497938,0.033178005607154226,-0.009178005607155537,0.01899999999999935,-0.004999999999999338,0.008000000000000007,0.008999999999999342,-0.01799999999999924
14,516950.SH,20220606,1.013,1.011,1.02,1.004,1.02,0.007,0.691,1191133.0,120394.489,1.0245633579434412,0.9977000000000006,0.97083664205656,66.02075639950465,5.123251962822522,0.03316335794344005,-0.004563357943441204,0.02229999999999943,-0.006299999999999417,0.009000000000000119,0.015299999999999314,-0.02229999999999943
13,516950.SH,20220607,1.02,1.016,1.023,1.011,1.017,-0.003,-0.2941,1135206.0,115390.98,1.025789228537971,0.9998000000000005,0.97381077146203,61.85296275918966,-4.16779364031499,0.03718922853796991,-0.0027892285379711446,0.023199999999999443,-0.011199999999999433,0.0009999999999998899,0.02019999999999955,-0.017199999999999438
12,516950.SH,20220608,1.017,1.017,1.02,0.998,1.011,-0.006,-0.59,1257902.0,126769.923,1.0268732851856013,1.0004500000000003,0.9740267148143993,53.7147260316511,-8.138236727538562,0.023973285185600712,-0.006873285185601263,0.019549999999999734,0.0024500000000002853,-0.006000000000000005,0.01654999999999962,-0.010549999999999615
11,516950.SH,20220609,1.011,1.005,1.025,1.003,1.016,0.005,0.4946,1166157.0,118578.28,1.0285782439902713,1.0017000000000003,0.9748217560097291,59.096552880108455,5.381826848457358,0.0281782439902708,-0.0035782439902714014,0.023299999999999654,-0.0012999999999996348,0.01100000000000012,0.009299999999999642,-0.014299999999999757
10,516950.SH,20220610,1.016,1.013,1.02,1.004,1.018,0.002,0.1969,1112238.0,112707.63,1.0304310733535695,1.0029000000000003,0.975368926646431,61.2587804826061,2.1622276024976443,0.02863107335356896,-0.01043107335356952,0.01709999999999967,-0.0010999999999996568,0.0050000000000001155,0.013099999999999667,-0.01509999999999967
9,516950.SH,20220613,1.018,1.016,1.019,1.005,1.011,-0.007,-0.6876,922971.0,93372.766,1.031205580197095,1.0036500000000004,0.9760944198029058,50.12914196288275,-11.12963851972335,0.028905580197094105,-0.012205580197095056,0.01534999999999953,-0.0013499999999995183,-0.0050000000000001155,0.01434999999999964,-0.007349999999999524
8,516950.SH,20220614,1.011,1.005,1.022,0.99,1.021,0.01,0.9891,1103953.0,110827.673,1.0332118349811095,1.0049000000000006,0.9765881650188918,61.97289165606688,11.84374969318413,0.013411834981108206,-0.011211834981109448,0.01709999999999945,0.01490000000000058,0.016000000000000014,0.006099999999999328,-0.016099999999999337
7,516950.SH,20220615,1.021,1.019,1.048,1.016,1.035,0.014,1.3712,1503038.0,155783.724,1.0371377491596425,1.0073500000000004,0.9775622508403584,72.81798527085256,10.845093614785682,0.0384377491596416,0.010862250840357524,0.04064999999999963,-0.008649999999999602,0.016000000000000014,0.013649999999999496,-0.02764999999999951
6,516950.SH,20220616,1.035,1.035,1.04,1.015,1.021,-0.014,-1.3527,1653899.0,169689.39,1.0369347053733564,1.0094000000000005,0.9818652946266447,54.251394819711706,-18.566590451140854,0.03313470537335517,0.003065294626643622,0.030599999999999516,-0.005599999999999383,-0.014000000000000012,0.0255999999999994,-0.011599999999999389
5,516950.SH,20220617,1.021,1.017,1.023,1.003,1.022,0.001,0.0979,1254865.0,127221.12,1.037974070232051,1.0107500000000003,0.9835259297679495,55.22983748112743,0.9784426614157269,0.01947407023205039,-0.014974070232051107,0.01224999999999965,0.007750000000000368,0.0050000000000001155,0.010249999999999648,-0.01124999999999976
4,516950.SH,20220620,1.022,1.016,1.032,1.015,1.032,0.01,0.9785,1214543.0,124707.638,1.040693006137846,1.0121000000000004,0.9835069938621547,64.37336159738929,9.143524116261858,0.031493006137845225,-0.008693006137846071,0.019899999999999585,-0.0028999999999994586,0.016000000000000014,0.009899999999999576,-0.019899999999999585
3,516950.SH,20220621,1.032,1.031,1.033,1.016,1.024,-0.008,-0.7752,1129434.0,115981.904,1.0417279844245435,1.0133500000000004,0.9849720155754572,53.821035046538746,-10.552326550850545,0.031027984424542798,-0.008727984424543589,0.0196499999999995,-0.002649999999999597,-0.006999999999999895,0.01864999999999961,-0.010649999999999604
2,516950.SH,20220622,1.024,1.024,1.024,1.006,1.009,-0.015,-1.4648,1243302.0,126083.697,1.0344707781123097,1.0154500000000006,0.9964292218876916,39.31904719602897,-14.501987850509778,0.009570778112308442,-0.010470778112309675,0.008549999999999391,0.009450000000000625,-0.015000000000000124,0.008549999999999391,0.006450000000000733
1,516950.SH,20220623,1.009,1.009,1.022,1.001,1.021,0.012,1.1893,1543853.0,156282.723,1.0321261363208172,1.0170000000000008,1.0018738636791844,51.78964000642886,12.470592810399893,-0.0008738636791845167,-0.010126136320817158,0.004999999999999227,0.016000000000000902,0.01200000000000001,-0.008000000000000895,-0.003999999999999115
0,516950.SH,20220624,1.021,1.021,1.021,1.008,1.017,-0.004,-0.3918,1047995.0,106185.041,1.0320751490621662,1.0174000000000007,1.0027248509378353,47.85569464773513,-3.933945358693734,0.005275149062164752,-0.011075149062166334,0.0035999999999991594,0.009400000000000741,-0.0040000000000000036,0.0035999999999991594,0.0004000000000008441
