,ts_code,trade_date,open,high,low,close,pre_close,change,pct_chg,vol,amount,upper,middle,lower,rsi,rsi_var,low-lowboll,high-highboll,high-mid,mid-low,close-open,yes_close-mid,mid-close,ma5,ma10,ma20
307,600073.SH,20211008,7.83,8.24,7.8,8.12,7.83,0.29,3.7037,192271.36,155884.48,,,,,,,,,,0.28999999999999915,,,,,
306,600073.SH,20211011,8.12,8.25,8.09,8.15,8.12,0.03,0.3695,120523.52,98381.24,,,,,,,,,,0.030000000000001137,,,,,
305,600073.SH,20211012,8.11,8.14,7.99,8.08,8.15,-0.07,-0.8589,90769.23,73150.622,,,,,,,,,,-0.02999999999999936,,,,,
304,600073.SH,20211013,8.1,8.26,8.01,8.21,8.08,0.13,1.6089,162398.07,132529.259,,,,,,,,,,0.11000000000000121,,,,,
303,600073.SH,20211014,8.2,8.25,8.14,8.2,8.21,-0.01,-0.1218,99579.54,81608.874,,,,,,,,,,0.0,,,8.15,,
302,600073.SH,20211015,8.15,8.27,8.02,8.05,8.2,-0.15,-1.8293,124795.01,101259.335,,,,,,,,,,-0.09999999999999964,,,8.14,,
301,600073.SH,20211018,8.04,8.04,7.8,7.91,8.05,-0.14,-1.7391,107845.55,85094.74,,,,30.188679245283218,,,,,,-0.129999999999999,,,8.09,,
300,600073.SH,20211019,7.91,8.35,7.86,8.29,7.91,0.38,4.804,267258.98,219146.498,,,,62.474645030425926,1.0694726166328452,,,,,0.379999999999999,,,8.13,,
299,600073.SH,20211020,8.2,8.23,8.07,8.07,8.29,-0.22,-2.6538,160830.72,130525.866,,,,47.28277556033164,-0.24316856002456122,,,,,-0.129999999999999,,,8.1,,
298,600073.SH,20211021,8.06,8.15,8.02,8.05,8.07,-0.02,-0.2478,82093.0,66360.056,,,,46.060896093796806,-0.02584195728898675,,,,,-0.009999999999999787,,,8.07,8.11,
297,600073.SH,20211022,8.05,8.08,7.94,7.97,8.05,-0.08,-0.9938,94375.07,75356.948,,,,40.97793577639885,-0.11035304886485907,,,,,-0.08000000000000096,,,8.06,8.1,
296,600073.SH,20211025,8.11,8.17,7.91,8.03,7.97,0.06,0.7528,118052.96,94467.707,,,,46.31027785469604,0.13012715202136507,,,,,-0.08000000000000007,,,8.08,8.09,
295,600073.SH,20211026,8.0,8.04,7.9,7.9,8.03,-0.13,-1.6189,83591.52,66552.425,,,,37.50133677974233,-0.19021568176707554,,,,,-0.09999999999999964,,,8.0,8.07,
294,600073.SH,20211027,7.89,7.95,7.81,7.91,7.9,0.01,0.1266,83998.0,66041.498,,,,38.57977583940333,0.028757349797822615,,,,,0.020000000000000462,,,7.97,8.04,
293,600073.SH,20211028,7.9,7.9,7.44,7.56,7.91,-0.35,-4.4248,141116.88,107302.799,,,,22.368633372209317,-0.42019794346852624,,,,,-0.34000000000000075,,,7.87,7.97,
292,600073.SH,20211029,7.56,7.91,7.51,7.82,7.56,0.26,3.4392,125300.57,97216.659,,,,43.52342753386481,0.9457347621396536,,,,,0.2600000000000007,,,7.84,7.95,
291,600073.SH,20211101,7.79,8.12,7.77,7.93,7.82,0.11,1.4066,204657.52,162607.793,,,,50.38724186503442,0.15770390155575395,,,,,0.13999999999999968,,,7.82,7.95,
290,600073.SH,20211102,7.98,8.31,7.97,8.28,7.93,0.35,4.4136,421145.76,345388.229,,,,66.11238989333043,0.31208590600011143,,,,,0.29999999999999893,,,7.9,7.95,
289,600073.SH,20211103,8.28,8.38,8.15,8.26,8.28,-0.02,-0.2415,247311.15,204688.393,,,,64.70605266005478,-0.021271916437217233,,,,,-0.019999999999999574,,,7.97,7.97,
288,600073.SH,20211104,8.25,8.47,8.21,8.44,8.26,0.18,2.1792,290210.23,243145.17,8.447312130446976,8.061499999999999,7.675687869553021,71.29959005772025,0.10189985521610846,0.5343121304469802,0.022687869553024598,0.40850000000000186,-0.14850000000000207,0.1899999999999995,0.198500000000001,-0.3785000000000007,8.15,8.01,8.06
287,600073.SH,20211105,8.4,8.76,8.37,8.38,8.44,-0.06,-0.7109,263333.27,223711.235,8.484108349524337,8.074499999999999,7.66489165047566,66.34204057897624,-0.06953124800199625,0.7051083495243393,0.27589165047566233,0.6855000000000011,-0.29550000000000054,-0.019999999999999574,0.3655000000000008,-0.3055000000000021,8.26,8.05,8.07
286,600073.SH,20211108,8.34,8.45,8.23,8.28,8.38,-0.1,-1.1933,157033.44,130542.827,8.499229602012983,8.081,7.662770397987015,58.24266957406995,-0.1220850449311168,0.5672296020129854,-0.049229602012983875,0.3689999999999998,-0.1490000000000009,-0.0600000000000005,0.29900000000000126,-0.19899999999999984,8.33,8.08,8.08
285,600073.SH,20211109,8.32,8.33,8.16,8.24,8.28,-0.04,-0.4831,104960.76,86388.789,8.512929239378508,8.088999999999999,7.665070760621489,55.01853804331981,-0.05535686386507167,0.49492923937851074,-0.1829292393785078,0.24100000000000144,-0.0710000000000015,-0.08000000000000007,0.19100000000000072,-0.15100000000000158,8.32,8.11,8.09
284,600073.SH,20211110,8.24,8.28,8.1,8.2,8.24,-0.04,-0.4854,123683.53,101070.733,8.511880443573075,8.088499999999998,7.66511955642692,51.591411548484075,-0.06229039550518999,0.4348804435730793,-0.23188044357307547,0.19150000000000134,-0.01150000000000162,-0.040000000000000924,0.1515000000000022,-0.11150000000000126,8.31,8.14,8.09
283,600073.SH,20211111,8.19,8.25,8.12,8.14,8.2,-0.06,-0.7317,121898.73,99495.525,8.506521377129467,8.0855,7.664478622870534,46.390035016828186,-0.10081865131307349,0.4555213771294655,-0.25652137712946654,0.1645000000000003,-0.03449999999999953,-0.049999999999998934,0.1144999999999996,-0.05450000000000088,8.25,8.2,8.09
282,600073.SH,20211112,8.16,8.22,8.11,8.16,8.14,0.02,0.2457,103001.49,84046.403,8.512895721713525,8.090999999999998,7.66910427828647,48.4681823585568,0.04479727900560453,0.4408957217135292,-0.2928957217135242,0.1290000000000031,-0.019000000000001904,0.0,0.04900000000000304,-0.06900000000000261,8.2,8.23,8.09
281,600073.SH,20211115,8.14,8.27,8.14,8.26,8.16,0.1,1.2255,123387.85,101421.244,8.527941295058271,8.108499999999998,7.689058704941724,58.19208446148071,0.2006244432891799,0.45094129505827674,-0.2579412950582718,0.16150000000000198,-0.03150000000000297,0.11999999999999922,0.051500000000002544,-0.1515000000000022,8.2,8.26,8.11
280,600073.SH,20211116,8.25,8.32,8.03,8.05,8.26,-0.21,-2.5424,166631.98,135602.311,8.508144263897961,8.096499999999999,7.684855736102038,39.43844857196478,-0.32227125154675623,0.3451442638979616,-0.18814426389796068,0.22350000000000136,0.06649999999999956,-0.1999999999999993,0.16350000000000087,0.04649999999999821,8.16,8.24,8.1
279,600073.SH,20211117,8.05,8.06,7.95,8.03,8.05,-0.02,-0.2484,89140.52,71286.964,8.507027574835936,8.0945,7.681972425164064,38.037489779183595,-0.035522664899578935,0.2680275748359362,-0.4470275748359356,-0.03449999999999953,0.14449999999999985,-0.02000000000000135,-0.04449999999999932,0.06450000000000067,8.13,8.22,8.09
278,600073.SH,20211118,8.02,8.09,7.95,7.96,8.03,-0.07,-0.8717,97713.78,78268.908,8.506317186769952,8.09,7.673682813230048,33.09924199547552,-0.12982580639195013,0.2763171867699521,-0.4163171867699518,0.0,0.13999999999999968,-0.05999999999999961,-0.0600000000000005,0.1299999999999999,8.09,8.17,8.09
277,600073.SH,20211119,7.93,8.02,7.88,7.97,7.96,0.01,0.1256,87221.0,69187.363,8.506317186769952,8.09,7.673682813230048,34.55575936364526,0.044004553589741785,0.2063171867699518,-0.48631718676995206,-0.07000000000000028,0.20999999999999996,0.040000000000000036,-0.1299999999999999,0.1200000000000001,8.05,8.13,8.09
276,600073.SH,20211122,7.95,8.03,7.94,8.0,7.97,0.03,0.3764,72598.18,57860.169,8.50588591255577,8.0885,7.671114087444229,39.31226543939295,0.13764727395201812,0.26888591255577143,-0.4758859125557713,-0.05850000000000044,0.1484999999999994,0.04999999999999982,-0.11850000000000005,0.0884999999999998,8.0,8.1,8.09
275,600073.SH,20211123,8.0,8.0,7.92,7.97,8.0,-0.03,-0.375,69945.76,55567.932,8.504145605338785,8.091999999999999,7.679854394661212,36.158641027540824,-0.08021985954266658,0.24014560533878804,-0.5041456053387847,-0.09199999999999875,0.17199999999999882,-0.03000000000000025,-0.09199999999999875,0.121999999999999,7.99,8.07,8.09
274,600073.SH,20211124,7.97,7.98,7.87,7.92,7.97,-0.05,-0.6274,62836.62,49734.855,8.503784573015032,8.092499999999998,7.681215426984963,31.159430716523033,-0.13825769356790982,0.18878457301503726,-0.5237845730150319,-0.11249999999999716,0.22249999999999748,-0.04999999999999982,-0.12249999999999783,0.17249999999999766,7.96,8.05,8.09
273,600073.SH,20211125,7.9,7.95,7.88,7.91,7.92,-0.01,-0.1263,58852.35,46561.396,8.453336569564218,8.109999999999998,7.766663430435776,30.158709063072024,-0.032116172549980275,0.11333656956422367,-0.503336569564218,-0.15999999999999748,0.22999999999999776,0.009999999999999787,-0.18999999999999773,0.1999999999999975,7.95,8.02,8.11
272,600073.SH,20211126,7.91,7.91,7.82,7.83,7.91,-0.08,-1.0114,63692.0,49984.7,8.452170894282945,8.110499999999998,7.76882910571705,23.051561092559382,-0.23565822912543108,0.05117089428294985,-0.5421708942829451,-0.20049999999999812,0.290499999999998,-0.08000000000000007,-0.20049999999999812,0.2804999999999982,7.93,7.99,8.11
271,600073.SH,20211129,7.78,7.81,7.72,7.74,7.83,-0.09,-1.1494,72804.51,56531.453,8.471561735747304,8.100999999999999,7.730438264252695,17.48796441404815,-0.24135444259812225,-0.010438264252695006,-0.6615617357473047,-0.2909999999999995,0.38099999999999934,-0.040000000000000036,-0.270999999999999,0.3609999999999989,7.87,7.94,8.1
270,600073.SH,20211130,7.74,7.81,7.71,7.77,7.74,0.03,0.3876,62693.06,48698.671,8.463080959284628,8.0755,7.6879190407153715,24.75249250535521,0.4154015824432623,0.0220809592846285,-0.6530809592846287,-0.2655000000000003,0.36549999999999994,0.02999999999999936,-0.3354999999999997,0.3055000000000003,7.83,7.91,8.08
269,600073.SH,20211201,7.77,7.83,7.73,7.82,7.77,0.05,0.6435,77248.59,60138.223,8.446604311856305,8.0535,7.660395688143693,36.01859889458222,0.45515038078648373,0.069604311856307,-0.6166043118563049,-0.2234999999999996,0.32349999999999923,0.05000000000000071,-0.2835000000000001,0.23349999999999937,7.81,7.89,8.05
268,600073.SH,20211202,7.81,7.87,7.78,7.78,7.82,-0.04,-0.5115,68916.49,53891.695,8.388275746889272,8.0205,7.652724253110728,31.492171394645563,-0.12566917200706282,0.12727574688927223,-0.5182757468892722,-0.15050000000000008,0.24049999999999994,-0.02999999999999936,-0.2004999999999999,0.24049999999999994,7.79,7.87,8.02
267,600073.SH,20211203,7.78,7.83,7.77,7.83,7.78,0.05,0.6427,47963.1,37430.613,8.330111257598979,7.993,7.655888742401022,42.35792007925328,0.34503015204772963,0.114111257598978,-0.500111257598979,-0.16300000000000026,0.22300000000000075,0.04999999999999982,-0.21300000000000008,0.16300000000000026,7.79,7.86,7.99
266,600073.SH,20211206,7.85,7.85,7.68,7.7,7.83,-0.13,-1.6603,112656.36,87398.437,8.297130605018461,7.964,7.6308693949815405,28.33588976315722,-0.33103679996232843,0.04913060501845923,-0.4471306050184616,-0.11400000000000077,0.2840000000000007,-0.14999999999999947,-0.13400000000000034,0.26400000000000023,7.78,7.83,7.96
265,600073.SH,20211207,7.71,7.76,7.69,7.75,7.7,0.05,0.6494,77581.2,59862.561,8.259654650130205,7.9395,7.619345349869794,37.83399794209573,0.3351971036846742,0.07065465013020678,-0.49965465013020527,-0.1795,0.2494999999999994,0.040000000000000036,-0.2394999999999996,0.18949999999999978,7.78,7.81,7.94
264,600073.SH,20211208,7.77,7.84,7.72,7.8,7.75,0.05,0.6452,86501.14,67329.805,8.221524833415867,7.919500000000001,7.617475166584136,46.36440486154034,0.22546934988208897,0.10252483341586416,-0.38152483341586674,-0.07950000000000124,0.19950000000000134,0.03000000000000025,-0.1695000000000011,0.11950000000000127,7.77,7.79,7.92
263,600073.SH,20211209,7.8,7.93,7.78,7.9,7.8,0.1,1.2821,139375.94,109571.443,8.192096205174884,7.907500000000001,7.622903794825117,59.652084625970005,0.2865922641326062,0.15709620517488343,-0.26209620517488474,0.022499999999999076,0.1275000000000004,0.10000000000000053,-0.10750000000000082,0.007500000000000284,7.8,7.79,7.91
262,600073.SH,20211210,7.9,7.93,7.84,7.89,7.9,-0.01,-0.1266,83065.62,65562.04,8.153953842056573,7.894,7.634046157943426,57.92989859051445,-0.028870508822181045,0.20595384205657385,-0.22395384205657365,0.03599999999999959,0.05400000000000027,-0.010000000000000675,0.006000000000000227,0.004000000000000448,7.81,7.8,7.89
261,600073.SH,20211213,7.89,7.92,7.84,7.86,7.89,-0.03,-0.3802,86187.36,67972.849,8.072534631739625,7.8740000000000006,7.675465368260375,52.47587937237614,-0.09414860634731644,0.1645346317396248,-0.15253463173962523,0.045999999999999375,0.034000000000000696,-0.02999999999999936,0.015999999999999126,0.014000000000000234,7.84,7.81,7.87
260,600073.SH,20211214,7.87,7.89,7.83,7.86,7.86,0.0,0.0,71785.23,56427.645,8.045880814861798,7.864500000000001,7.683119185138205,52.47587937237614,0.0,0.14688081486179527,-0.15588081486179828,0.025499999999998302,0.03450000000000131,-0.009999999999999787,-0.004500000000001059,0.004500000000001059,7.86,7.82,7.86
259,600073.SH,20211215,7.86,7.87,7.8,7.82,7.86,-0.04,-0.5089,87080.32,68127.217,8.019456943039412,7.854000000000001,7.688543056960589,44.44225986100523,-0.15309166053918272,0.11145694303941056,-0.1494569430394117,0.015999999999999126,0.05400000000000116,-0.040000000000000036,0.005999999999999339,0.034000000000000696,7.87,7.82,7.85
258,600073.SH,20211216,7.82,7.86,7.78,7.85,7.82,0.03,0.3836,69248.43,54176.971,8.006648664237186,7.8485,7.690351335762813,51.17015738220743,0.15138513527988756,0.08964866423718743,-0.14664866423718603,0.011500000000000732,0.06849999999999934,0.02999999999999936,-0.028499999999999304,-0.0015000000000000568,7.86,7.83,7.85
257,600073.SH,20211217,7.85,7.87,7.8,7.81,7.85,-0.04,-0.5096,60865.0,47599.111,7.989157324071063,7.8405000000000005,7.691842675928938,42.86484397513171,-0.16230775576945142,0.10815732407106182,-0.11915732407106283,0.029499999999999638,0.04050000000000065,-0.040000000000000036,0.009499999999999176,0.03050000000000086,7.84,7.82,7.84
256,600073.SH,20211220,7.78,7.85,7.76,7.79,7.81,-0.02,-0.2561,62840.34,49052.468,7.960690474021609,7.83,7.699309525978391,39.06091072069924,-0.088742496219964,0.060690474021608765,-0.11069047402160948,0.019999999999999574,0.07000000000000028,0.009999999999999787,-0.020000000000000462,0.040000000000000036,7.83,7.83,7.83
255,600073.SH,20211221,7.77,7.88,7.77,7.87,7.79,0.08,1.027,72212.07,56603.651,7.9406719499272995,7.825,7.709328050072701,57.264636376024804,0.4660343376397265,0.06067194992729874,-0.06067194992729963,0.054999999999999716,0.055000000000000604,0.10000000000000053,-0.03500000000000014,-0.04499999999999993,7.83,7.84,7.82
254,600073.SH,20211222,7.9,7.9,7.84,7.87,7.87,0.0,0.0,60284.94,47425.315,7.931838922621104,7.822500000000001,7.7131610773788974,57.264636376024804,0.0,0.1268389226211024,-0.03183892262110355,0.07749999999999968,-0.017499999999999183,-0.03000000000000025,0.04749999999999943,-0.04749999999999943,7.84,7.85,7.82
253,600073.SH,20211223,7.87,8.02,7.84,7.97,7.87,0.1,1.2706,136040.52,108240.671,7.946904283284961,7.825500000000001,7.704095716715041,72.20818492056425,0.26095596672287463,0.13590428328495907,0.07309571671503878,0.19449999999999878,-0.01449999999999907,0.09999999999999964,0.04449999999999932,-0.14449999999999896,7.86,7.86,7.83
252,600073.SH,20211224,7.95,8.01,7.9,7.99,7.97,0.02,0.2509,110918.33,88351.569,7.9745354565347775,7.833500000000001,7.692464543465224,74.3599572653285,0.02979956284916183,0.20753545653477623,0.03546454346522232,0.176499999999999,-0.06649999999999956,0.040000000000000036,0.13649999999999896,-0.15649999999999942,7.9,7.87,7.83
251,600073.SH,20211227,7.99,8.07,7.96,8.07,7.99,0.08,1.0013,123911.38,99343.914,8.018047612300917,7.85,7.6819523876990825,81.30699630339753,0.09342446248699214,0.27804761230091746,0.0519523876990835,0.22000000000000064,-0.11000000000000032,0.08000000000000007,0.14000000000000057,-0.22000000000000064,7.95,7.89,7.85
250,600073.SH,20211228,8.07,8.09,8.0,8.03,8.07,-0.04,-0.4957,88413.6,70987.108,8.044008287103223,7.8629999999999995,7.681991712896776,69.93747468674724,-0.13983448083883032,0.3180082871032237,0.04599171289677706,0.2270000000000003,-0.13700000000000045,-0.040000000000000924,0.20700000000000074,-0.16699999999999982,7.99,7.91,7.86
249,600073.SH,20211229,8.01,8.05,7.93,7.94,8.03,-0.09,-1.1208,90722.45,72347.819,8.051855133917599,7.869,7.686144866082401,50.76934948993309,-0.2740751690373287,0.24385513391759872,-0.0018551339175978399,0.18100000000000094,-0.06099999999999994,-0.0699999999999994,0.1609999999999996,-0.07100000000000062,8.0,7.92,7.87
248,600073.SH,20211230,7.92,7.99,7.92,7.97,7.94,0.03,0.3778,64586.06,51445.668,8.061614718141495,7.8785,7.695385281858505,55.63327639824628,0.09580439688867086,0.22461471814149458,-0.071614718141495,0.11150000000000038,-0.04150000000000009,0.04999999999999982,0.061500000000000554,-0.09149999999999991,8.0,7.93,7.88
247,600073.SH,20211231,7.95,8.13,7.94,8.09,7.97,0.12,1.5056,150337.07,121128.014,8.094800270536217,7.891499999999999,7.688199729463782,69.90523683170643,0.2565363997492343,0.25180027053621856,0.035199729463784024,0.23850000000000193,-0.04850000000000154,0.13999999999999968,0.0785000000000009,-0.198500000000001,8.02,7.96,7.89
246,600073.SH,20220104,8.09,8.33,8.07,8.31,8.09,0.22,2.7194,237396.33,195859.787,8.177546473268668,7.922,7.666453526731331,82.3770158366887,0.178409795463643,0.4035464732686691,0.15245352673133183,0.40800000000000036,-0.14800000000000058,0.22000000000000064,0.16800000000000015,-0.3880000000000008,8.07,8.01,7.92
245,600073.SH,20220105,8.35,8.39,8.26,8.32,8.31,0.01,0.1203,225743.04,187964.017,8.246842707013439,7.9505,7.654157292986561,82.76656992652799,0.0047289172335591685,0.6058427070134389,0.14315729298656166,0.43950000000000067,-0.3094999999999999,-0.02999999999999936,0.3595000000000006,-0.3695000000000004,8.13,8.06,7.95
244,600073.SH,20220106,8.33,8.33,8.23,8.3,8.32,-0.02,-0.2404,101785.16,84275.598,8.299874783237149,7.975499999999999,7.651125216762851,78.59686992423724,-0.05037903595608954,0.5788747832371497,0.03012521676285118,0.3545000000000007,-0.25450000000000106,-0.02999999999999936,0.3445000000000009,-0.32450000000000134,8.2,8.1,7.98
243,600073.SH,20220107,8.3,8.42,8.19,8.2,8.3,-0.1,-1.2048,154716.82,128478.983,8.327039745052707,7.990499999999999,7.653960254947291,60.353548411295165,-0.23211257052001644,0.5360397450527081,0.09296025494729321,0.4295000000000009,-0.19950000000000045,-0.10000000000000142,0.30950000000000166,-0.20950000000000024,8.24,8.12,7.99
242,600073.SH,20220110,8.26,8.48,8.15,8.47,8.2,0.27,3.2927,229992.42,193097.193,8.411748645631983,8.019499999999999,7.627251354368016,77.37132451921431,0.2819681121637957,0.5227486456319843,0.06825135436801766,0.46050000000000146,-0.1305000000000014,0.21000000000000085,0.18050000000000033,-0.4505000000000017,8.32,8.17,8.02
241,600073.SH,20220111,8.45,8.47,8.3,8.33,8.47,-0.14,-1.6529,141705.21,118737.988,8.450239487280104,8.043,7.6357605127198935,61.06262088851042,-0.21078485772404998,0.6642394872801072,0.01976051271989654,0.4270000000000014,-0.25700000000000145,-0.11999999999999922,0.4270000000000014,-0.2870000000000008,8.32,8.2,8.04
240,600073.SH,20220112,8.36,8.52,8.28,8.46,8.33,0.13,1.5606,186974.83,157234.897,8.509261389536302,8.072999999999999,7.636738610463696,68.46855502026938,0.12128424925095967,0.6432613895363035,0.010738610463697285,0.44700000000000095,-0.20700000000000074,0.10000000000000142,0.25700000000000145,-0.38700000000000223,8.35,8.24,8.07
239,600073.SH,20220113,8.51,8.74,8.43,8.46,8.46,0.0,0.0,336684.5,288654.65,8.555976717802636,8.105,7.654023282197365,68.46855502026938,0.0,0.7759767178026351,0.18402328219736397,0.6349999999999998,-0.3249999999999993,-0.049999999999998934,0.3550000000000004,-0.3550000000000004,8.38,8.29,8.1
238,600073.SH,20220114,8.66,8.93,8.58,8.62,8.46,0.16,1.8913,592070.04,517106.171,8.630830483347951,8.1435,7.6561695166520485,76.41794632508119,0.1161028051849273,0.9238304833479516,0.2991695166520483,0.7865000000000002,-0.43650000000000055,-0.040000000000000924,0.31650000000000134,-0.4764999999999997,8.47,8.36,8.14
237,600073.SH,20220117,8.63,8.86,8.49,8.64,8.62,0.02,0.232,339541.99,294642.659,8.692602206457083,8.184999999999999,7.677397793542914,77.27724138683753,0.011244676192957463,0.8126022064570861,0.16739779354291606,0.6750000000000007,-0.3050000000000015,0.009999999999999787,0.4350000000000005,-0.45500000000000185,8.5,8.41,8.18
236,600073.SH,20220118,8.51,8.57,8.27,8.31,8.64,-0.33,-3.8194,305173.28,255399.095,8.68731502180811,8.211,7.73468497819189,44.889933722361306,-0.41910538061717983,0.5353150218081097,-0.11731502180811049,0.359,-0.058999999999999275,-0.1999999999999993,0.42900000000000027,-0.0990000000000002,8.5,8.41,8.21
235,600073.SH,20220119,8.37,8.79,8.33,8.57,8.31,0.26,3.1288,298499.42,255472.291,8.719810088537816,8.245999999999999,7.77218991146218,60.529804698572775,0.34840485782273906,0.5578100885378197,0.07018991146218312,0.5440000000000005,-0.0840000000000014,0.20000000000000107,0.06400000000000183,-0.3240000000000016,8.52,8.44,8.25
234,600073.SH,20220120,8.55,8.81,8.4,8.44,8.57,-0.13,-1.5169,225179.5,192882.932,8.722271146904411,8.2745,7.826728853095587,51.72267381039132,-0.14550073194584612,0.5732711469044132,0.08772885309558909,0.5355000000000008,-0.1255000000000006,-0.11000000000000121,0.29550000000000054,-0.16549999999999976,8.52,8.45,8.27
233,600073.SH,20220121,8.38,8.44,8.19,8.23,8.44,-0.21,-2.4882,157727.56,130881.13,8.713733504079876,8.287499999999998,7.86126649592012,40.343802298743,-0.21999774322112198,0.3287335040798798,-0.2737335040798765,0.15250000000000163,0.09749999999999837,-0.15000000000000036,0.15250000000000163,0.05749999999999744,8.44,8.45,8.29
232,600073.SH,20220124,8.23,8.31,8.13,8.13,8.23,-0.1,-1.2151,122450.95,100390.885,8.705278529137347,8.294499999999998,7.883721470862649,35.83844411281418,-0.11167410926136713,0.24627852913735193,-0.3952785291373466,0.015500000000002956,0.16449999999999676,-0.09999999999999964,-0.06449999999999712,0.16449999999999676,8.34,8.42,8.29
231,600073.SH,20220125,8.05,8.06,7.66,7.67,8.13,-0.46,-5.6581,212072.37,166366.928,8.759328835776302,8.274499999999998,7.789671164223694,22.171203446264233,-0.38135697586445083,-0.1296711642236943,-0.699328835776301,-0.21449999999999747,0.6144999999999978,-0.3800000000000008,-0.1444999999999972,0.604499999999998,8.21,8.35,8.27
230,600073.SH,20220126,7.68,7.75,7.52,7.61,7.67,-0.06,-0.7823,116527.0,88845.097,8.809962936771303,8.253499999999999,7.697037063228695,20.922335492803168,-0.05632837912871595,-0.1770370632286955,-1.0599629367713028,-0.503499999999999,0.7334999999999994,-0.0699999999999994,-0.583499999999999,0.6434999999999986,8.02,8.27,8.25
229,600073.SH,20220127,7.62,7.64,7.35,7.35,7.61,-0.26,-3.4166,113021.0,84372.845,8.89465341272539,8.223999999999998,7.553346587274608,16.182390724981182,-0.2265495058834337,-0.2033465872746083,-1.25465341272539,-0.5839999999999987,0.8739999999999988,-0.27000000000000046,-0.6139999999999981,0.8739999999999988,7.8,8.16,8.22
228,600073.SH,20220128,7.4,7.55,7.36,7.43,7.35,0.08,1.0884,94705.31,70579.5,8.945360875514025,8.197,7.4486391244859735,22.652440470017595,0.3998203884082731,-0.08863912448597322,-1.395360875514025,-0.6469999999999994,0.8369999999999989,0.02999999999999936,-0.8469999999999995,0.7669999999999995,7.64,8.04,8.2
227,600073.SH,20220207,7.53,7.59,7.41,7.55,7.43,0.12,1.6151,93580.13,70313.383,8.969099493179797,8.169999999999998,7.370900506820199,32.088452433104244,0.4165560869953947,0.039099493179801215,-1.3790994931797975,-0.5799999999999983,0.759999999999998,0.019999999999999574,-0.7399999999999984,0.6199999999999983,7.52,7.93,8.17
226,600073.SH,20220208,7.47,7.66,7.47,7.63,7.55,0.08,1.0596,86123.12,65467.283,8.965660171395557,8.136,7.306339828604441,38.12700679827128,0.18818465545372723,0.16366017139555833,-1.305660171395557,-0.4759999999999991,0.6659999999999995,0.16000000000000014,-0.5859999999999994,0.5059999999999993,7.51,7.86,8.14
225,600073.SH,20220209,7.64,7.81,7.61,7.77,7.63,0.14,1.8349,102159.76,79223.092,8.948339865688759,8.1085,7.268660134311239,47.86251686996423,0.25534420058734764,0.3413398656887612,-1.1383398656887591,-0.29849999999999977,0.49849999999999905,0.1299999999999999,-0.4784999999999995,0.3384999999999998,7.55,7.78,8.11
224,600073.SH,20220210,7.79,7.87,7.74,7.8,7.77,0.03,0.3861,85035.21,66411.802,8.928799355258255,8.083499999999999,7.2382006447417435,49.88999642281858,0.04236048761001691,0.5017993552582567,-1.0587993552582544,-0.2134999999999989,0.3434999999999988,0.009999999999999787,-0.31349999999999945,0.2834999999999992,7.64,7.72,8.08
223,600073.SH,20220211,7.76,7.85,7.65,7.65,7.8,-0.15,-1.9231,96803.1,74672.644,8.919930552764482,8.056000000000001,7.192069447235521,40.451685268842475,-0.1891824379778714,0.4579305527644797,-1.0699305527644825,-0.2060000000000013,0.4060000000000006,-0.10999999999999943,-0.2560000000000011,0.4060000000000006,7.68,7.66,8.06
222,600073.SH,20220214,7.65,7.74,7.61,7.67,7.65,0.02,0.2614,80531.0,61848.47,8.873610634262432,8.016,7.158389365737568,42.201207893309615,0.04324968447766237,0.4516106342624324,-1.133610634262432,-0.2759999999999998,0.4059999999999997,0.019999999999999574,-0.36599999999999966,0.3460000000000001,7.7,7.61,8.02
221,600073.SH,20220215,7.67,7.73,7.61,7.64,7.67,-0.03,-0.3911,70368.0,53880.114,8.841320330069074,7.981499999999999,7.1216796699309235,40.08154384290003,-0.050227568266964805,0.4883203300690768,-1.1113203300690735,-0.2514999999999983,0.3714999999999984,-0.03000000000000025,-0.3114999999999988,0.341499999999999,7.71,7.61,7.98
220,600073.SH,20220216,7.7,7.75,7.64,7.73,7.64,0.09,1.178,56980.82,43795.876,8.782149926835187,7.944999999999998,7.1078500731648075,49.2568770603999,0.2289166618297606,0.5321499268351921,-1.0321499268351868,-0.19499999999999762,0.30499999999999794,0.03000000000000025,-0.30499999999999794,0.2149999999999972,7.7,7.62,7.94
219,600073.SH,20220217,7.68,7.73,7.64,7.64,7.73,-0.09,-1.1643,58165.2,44663.241,8.716192095504649,7.903999999999996,7.091807904495343,41.610653185018094,-0.15523160077740686,0.5481920955046569,-0.9861920955046486,-0.17399999999999594,0.2639999999999967,-0.040000000000000036,-0.17399999999999594,0.2639999999999967,7.67,7.65,7.9
218,600073.SH,20220218,7.64,7.68,7.61,7.66,7.64,0.02,0.2618,49903.29,38136.452,8.60420852708335,7.855999999999996,7.107791472916644,43.9316094562499,0.05577793410047856,0.5022085270833561,-0.9242085270833496,-0.1759999999999966,0.245999999999996,0.020000000000000462,-0.21599999999999664,0.19599999999999618,7.67,7.67,7.86
217,600073.SH,20220221,7.64,7.72,7.62,7.7,7.66,0.04,0.5222,54705.09,41999.571,8.466963524825154,7.808999999999995,7.151036475174837,48.81464928026206,0.11115094312388038,0.46896352482516335,-0.746963524825154,-0.08899999999999508,0.18899999999999473,0.0600000000000005,-0.1489999999999947,0.10899999999999466,7.67,7.69,7.81
216,600073.SH,20220222,7.65,7.67,7.54,7.57,7.7,-0.13,-1.6883,80199.65,60918.182,8.39542922613589,7.771999999999994,7.148570773864097,36.438250365967065,-0.2535386220484293,0.39142922613590336,-0.7254292261358906,-0.1019999999999941,0.231999999999994,-0.08000000000000007,-0.07199999999999385,0.20199999999999374,7.66,7.68,7.77
215,600073.SH,20220223,7.61,7.63,7.58,7.61,7.57,0.04,0.5284,53013.46,40306.399,8.231282958515605,7.723999999999995,7.216717041484385,41.879187266672105,0.1493193785667277,0.3632829585156152,-0.601282958515605,-0.09399999999999498,0.1439999999999948,0.0,-0.15399999999999459,0.11399999999999455,7.64,7.67,7.72
214,600073.SH,20220224,7.61,7.64,7.37,7.45,7.61,-0.16,-2.1025,101520.81,76192.298,8.074523749295391,7.674499999999995,7.274476250704598,29.682944439375227,-0.2912244392336328,0.09552374929540175,-0.4345237492953915,-0.03449999999999509,0.30449999999999466,-0.16000000000000014,-0.06449999999999445,0.2244999999999946,7.6,7.63,7.67
213,600073.SH,20220225,7.49,7.58,7.44,7.46,7.45,0.01,0.1342,78668.81,58990.752,7.954709899438822,7.635999999999996,7.317290100561169,31.185969008395386,0.0506359661215535,0.12270989943883137,-0.37470989943882227,-0.05599999999999561,0.1959999999999953,-0.03000000000000025,-0.1859999999999955,0.17599999999999572,7.56,7.61,7.64
212,600073.SH,20220228,7.48,7.5,7.38,7.43,7.46,-0.03,-0.4021,66145.81,49041.785,7.838394186955469,7.600999999999996,7.363605813044524,28.957679284305122,-0.07145167506228199,0.01639418695547601,-0.33839418695546897,-0.10099999999999643,0.22099999999999653,-0.05000000000000071,-0.14099999999999646,0.1709999999999967,7.5,7.59,7.6
211,600073.SH,20220301,7.46,7.6,7.45,7.58,7.43,0.15,2.0188,88752.03,66854.243,7.831895412020325,7.596499999999997,7.3611045879796695,50.27520055793461,0.7361612463600786,0.08889541202033069,-0.23189541202032515,0.003500000000002501,0.14649999999999697,0.1200000000000001,-0.16649999999999743,0.016499999999997073,7.51,7.58,7.6
210,600073.SH,20220302,7.56,7.68,7.49,7.62,7.58,0.04,0.5277,72601.88,55185.462,7.832550419231646,7.596999999999997,7.3614495807683475,54.631557104132554,0.08665020721653606,0.12855041923165267,-0.15255041923164647,0.08300000000000285,0.10699999999999665,0.0600000000000005,-0.016999999999996795,-0.02300000000000324,7.51,7.57,7.6
209,600073.SH,20220303,7.62,7.67,7.58,7.62,7.62,0.0,0.0,66143.9,50427.425,7.817040552919237,7.610499999999997,7.403959447080758,54.631557104132554,0.0,0.17604055291924237,-0.14704055291923712,0.05950000000000255,0.030499999999997307,0.0,0.009500000000002728,-0.009500000000002728,7.54,7.57,7.61
208,600073.SH,20220304,7.63,7.71,7.58,7.63,7.62,0.01,0.1312,100409.15,76737.656,7.809759081684798,7.620499999999997,7.431240918315196,56.01869918907223,0.02539085756416682,0.1487590816848039,-0.09975908168479819,0.0895000000000028,0.040499999999997094,0.0,-0.0004999999999970584,-0.009500000000002728,7.58,7.57,7.62
207,600073.SH,20220307,7.63,7.66,7.49,7.52,7.63,-0.11,-1.4417,84966.68,64366.815,7.810927069482633,7.618999999999997,7.427072930517361,39.91099724423564,-0.28754152056388305,0.06292706948263938,-0.15092706948263324,0.041000000000003034,0.1289999999999969,-0.11000000000000032,0.011000000000002785,0.09899999999999753,7.59,7.55,7.62
206,600073.SH,20220308,7.53,7.55,7.21,7.22,7.52,-0.3,-3.9894,104061.25,76439.615,7.857287557661146,7.598499999999997,7.339712442338848,20.561603532981913,-0.48481358641190975,-0.12971244233884782,-0.30728755766114624,-0.0484999999999971,0.38849999999999696,-0.3100000000000005,-0.07849999999999735,0.37849999999999717,7.52,7.51,7.6
205,600073.SH,20220309,7.24,7.28,6.8,7.0,7.22,-0.22,-3.0471,108620.26,76773.026,7.916089876295578,7.559999999999997,7.203910123704416,14.41264917366884,-0.29905033182114527,-0.40391012370441626,-0.6360898762955776,-0.2799999999999967,0.7599999999999971,-0.2400000000000002,-0.3399999999999972,0.559999999999997,7.4,7.45,7.56
204,600073.SH,20220310,7.11,7.26,7.06,7.23,7.0,0.23,3.2857,96051.82,68730.698,7.897301858934984,7.531499999999996,7.165698141065008,37.762449909023125,1.620090828132635,-0.10569814106500797,-0.6373018589349844,-0.2714999999999961,0.47149999999999626,0.1200000000000001,-0.5314999999999959,0.30149999999999544,7.32,7.43,7.53
203,600073.SH,20220311,7.09,7.35,7.02,7.31,7.23,0.08,1.1065,133807.32,96642.368,7.888209780445034,7.5144999999999955,7.140790219554957,44.125043580875065,0.16848995992528637,-0.12079021955495772,-0.5382097804450341,-0.16449999999999587,0.49449999999999594,0.21999999999999975,-0.2844999999999951,0.2044999999999959,7.26,7.42,7.51
202,600073.SH,20220314,7.26,7.32,7.13,7.13,7.31,-0.18,-2.4624,79474.0,57396.475,7.889339520207105,7.487499999999995,7.085660479792886,34.580128527602234,-0.21631514166730123,0.044339520207113736,-0.5693395202071043,-0.1674999999999951,0.3574999999999955,-0.1299999999999999,-0.17749999999999577,0.3574999999999955,7.18,7.39,7.49
201,600073.SH,20220315,7.08,7.11,6.67,6.69,7.13,-0.44,-6.1711,123934.0,85295.641,7.964404424085348,7.439999999999996,6.915595575914644,21.156079528986094,-0.3882012465020458,-0.24559557591464376,-0.8544044240853479,-0.32999999999999563,0.769999999999996,-0.3899999999999997,-0.30999999999999606,0.7499999999999956,7.07,7.3,7.44
200,600073.SH,20220316,6.77,6.97,6.62,6.89,6.69,0.2,2.9895,99080.05,67222.998,7.956232926295329,7.397999999999996,6.839767073704663,34.93363153460186,0.6512337026687314,-0.21976707370466286,-0.9862329262953295,-0.4279999999999964,0.777999999999996,0.1200000000000001,-0.7079999999999957,0.5079999999999965,7.05,7.22,7.4
199,600073.SH,20220317,6.99,7.02,6.89,6.91,6.89,0.02,0.2903,87816.57,60981.98,7.9464880340658395,7.361499999999997,6.776511965934154,36.27000841907673,0.03825473693312384,0.11348803406584551,-0.9264880340658399,-0.34149999999999725,0.47149999999999714,-0.08000000000000007,-0.47149999999999714,0.4514999999999967,6.99,7.15,7.36
198,600073.SH,20220318,6.91,7.05,6.86,7.0,6.91,0.09,1.3025,80091.34,56003.562,7.916862983200209,7.3284999999999965,6.740137016799784,42.632563962740996,0.17542194835327876,0.11986298320021671,-0.8668629832002095,-0.27849999999999664,0.46849999999999614,0.08999999999999986,-0.4184999999999963,0.32849999999999646,6.92,7.09,7.33
197,600073.SH,20220321,7.08,7.32,7.06,7.21,7.0,0.21,3.0,136358.53,98000.325,7.868779603031271,7.303999999999998,6.739220396968724,55.1656187332949,0.2939784428988894,0.3207796030312755,-0.5487796030312708,0.01600000000000268,0.243999999999998,0.1299999999999999,-0.3039999999999976,0.09399999999999764,6.94,7.06,7.3
196,600073.SH,20220322,7.19,7.28,7.11,7.25,7.21,0.04,0.5548,73683.13,53129.245,7.839710068786208,7.2879999999999985,6.736289931213789,57.29798502514161,0.038653899671748454,0.3737100687862114,-0.5597100687862078,-0.00799999999999823,0.17799999999999816,0.05999999999999961,-0.07799999999999851,0.03799999999999848,7.05,7.06,7.29
195,600073.SH,20220323,7.25,7.28,7.19,7.24,7.25,-0.01,-0.1379,54147.82,39202.893,7.801232075391455,7.269499999999998,6.737767924608542,56.49194170185309,-0.014067568395901514,0.4522320753914588,-0.5212320753914543,0.010500000000002174,0.07949999999999768,-0.009999999999999787,-0.019499999999998074,0.02949999999999786,7.12,7.09,7.27
194,600073.SH,20220324,7.23,7.27,7.15,7.15,7.24,-0.09,-1.2431,47610.31,34276.813,7.781926772168468,7.254499999999998,6.727073227831529,49.04113489317183,-0.1318914978706928,0.42292677216847174,-0.5119267721684686,0.01550000000000118,0.10449999999999804,-0.08000000000000007,-0.014499999999998181,0.10449999999999804,7.17,7.08,7.25
193,600073.SH,20220325,7.2,7.34,7.16,7.26,7.15,0.11,1.5385,75112.65,54644.541,7.763478804962288,7.244499999999998,6.725521195037707,57.30088799245897,0.16842499908045916,0.43447880496229274,-0.4234788049622882,0.09550000000000214,0.08449999999999758,0.05999999999999961,-0.09449999999999736,-0.015500000000002068,7.22,7.07,7.24
192,600073.SH,20220328,7.56,7.8,7.4,7.59,7.26,0.33,4.5455,270566.02,204388.843,7.787359794712684,7.252499999999998,6.717640205287312,73.03518317342731,0.27459077393423714,0.6823597947126885,0.012640205287316242,0.5475000000000021,-0.14750000000000263,0.03000000000000025,0.007500000000002061,-0.33750000000000213,7.3,7.12,7.25
191,600073.SH,20220329,7.54,7.68,7.48,7.58,7.59,-0.01,-0.1318,196582.08,149427.606,7.787359794712684,7.252499999999998,6.717640205287312,72.06947235038653,-0.013222542630551497,0.7623597947126886,-0.10735979471268386,0.427500000000002,-0.2275000000000027,0.040000000000000036,0.33750000000000213,-0.32750000000000234,7.36,7.21,7.25
190,600073.SH,20220330,7.48,7.54,7.37,7.4,7.58,-0.18,-2.3747,143164.39,106320.002,7.7542679787195095,7.241499999999998,6.728732021280486,56.058715291002905,-0.22215726766449342,0.6412679787195144,-0.21426797871950942,0.29850000000000243,-0.1285000000000025,-0.08000000000000007,0.33850000000000247,-0.15850000000000275,7.4,7.26,7.24
189,600073.SH,20220331,7.39,7.48,7.34,7.41,7.4,0.01,0.1351,88212.48,65324.642,7.720403718825417,7.230999999999997,6.741596281174577,56.700009135033454,0.011439681425119521,0.5984037188254225,-0.24040371882541667,0.24900000000000322,-0.10900000000000265,0.020000000000000462,0.16900000000000315,-0.17900000000000293,7.45,7.31,7.23
188,600073.SH,20220401,7.38,7.52,7.38,7.44,7.41,0.03,0.4049,105055.17,78099.584,7.686312865570824,7.221499999999997,6.75668713442917,58.86141427008064,0.03812001387688854,0.6233128655708295,-0.16631286557082436,0.29850000000000243,-0.15850000000000275,0.0600000000000005,0.188500000000003,-0.21850000000000325,7.48,7.35,7.22
187,600073.SH,20220406,7.58,7.73,7.55,7.59,7.44,0.15,2.0161,168412.78,128400.294,7.699699905203471,7.224999999999997,6.750300094796523,68.34280519571276,0.16107990341733136,0.799699905203477,0.030300094796529287,0.5050000000000034,-0.32500000000000284,0.009999999999999787,0.2150000000000034,-0.3650000000000029,7.48,7.39,7.22
186,600073.SH,20220407,7.6,7.64,7.34,7.34,7.59,-0.25,-3.2938,105971.99,79203.571,7.708321694457903,7.230999999999997,6.753678305542091,46.779740024538654,-0.3155133171578796,0.5863216944579088,-0.0683216944579037,0.4090000000000025,-0.10900000000000265,-0.2599999999999998,0.35900000000000265,-0.10900000000000265,7.44,7.4,7.23
185,600073.SH,20220408,7.36,7.39,7.16,7.21,7.34,-0.13,-1.7711,110962.75,80302.155,7.707129681184649,7.241499999999998,6.775870318815346,39.08472688316882,-0.16449456831810863,0.3841296811846542,-0.31712968118464957,0.14850000000000207,0.08149999999999746,-0.15000000000000036,0.09850000000000225,0.03149999999999764,7.4,7.4,7.24
184,600073.SH,20220411,7.36,7.93,7.3,7.93,7.21,0.72,9.9861,736950.86,579525.923,7.830296894176943,7.276499999999999,6.722703105823054,70.8992750686849,0.8139892669741664,0.5772968941769454,0.09970310582305686,0.6535000000000011,-0.023500000000001187,0.5699999999999994,-0.06649999999999867,-0.6535000000000011,7.5,7.48,7.28
183,600073.SH,20220412,7.9,7.91,7.54,7.78,7.93,-0.15,-1.8916,613147.43,473031.975,7.895785196190735,7.299999999999999,6.704214803809263,62.711152163714836,-0.11548951518950905,0.835785196190737,0.01421480380926532,0.6100000000000012,-0.2400000000000011,-0.1200000000000001,0.6300000000000008,-0.4800000000000013,7.57,7.53,7.3
182,600073.SH,20220413,7.75,8.06,7.62,7.9,7.78,0.12,1.5424,499721.12,391754.192,7.982899720670383,7.338499999999999,6.694100279329615,66.43275087796965,0.05934508593525991,0.925899720670385,0.07710027932961783,0.7215000000000016,-0.2815000000000012,0.15000000000000036,0.44150000000000134,-0.5615000000000014,7.63,7.56,7.34
181,600073.SH,20220414,7.78,7.94,7.73,7.89,7.9,-0.01,-0.1266,312446.54,245044.932,8.012968062636329,7.3984999999999985,6.784031937363667,65.77627338227784,-0.009881835194476605,0.9459680626363332,-0.07296806263632849,0.5415000000000019,-0.3315000000000019,0.10999999999999943,0.5015000000000018,-0.49150000000000116,7.74,7.59,7.4
180,600073.SH,20220415,7.76,8.12,7.7,8.04,7.89,0.15,1.9011,507087.66,404411.068,8.084439336770089,7.455999999999999,6.827560663229909,70.94446884821585,0.0785723361963903,0.8724393367700909,0.03556066322991036,0.6640000000000006,-0.24400000000000155,0.27999999999999936,0.43400000000000105,-0.5840000000000005,7.91,7.65,7.46
179,600073.SH,20220418,8.04,8.31,7.86,7.89,8.04,-0.15,-1.8657,500710.01,404429.779,8.107810086179747,7.504999999999998,6.9021899138202505,60.060616011717414,-0.15341369120380902,0.9578100861797498,0.20218991382025386,0.8050000000000024,-0.3550000000000022,-0.14999999999999947,0.535000000000001,-0.38500000000000156,7.9,7.7,7.5
178,600073.SH,20220419,7.89,8.24,7.88,8.12,7.89,0.23,2.9151,447081.53,361167.608,8.173760964814191,7.560999999999998,6.948239035185805,68.85286609269356,0.14638960877891827,0.9317609648141945,0.06623903518580931,0.679000000000002,-0.3190000000000017,0.22999999999999954,0.3290000000000015,-0.559000000000001,7.97,7.77,7.56
177,600073.SH,20220420,8.0,8.27,7.91,8.08,8.12,-0.04,-0.4926,439953.87,356595.318,8.23468965399313,7.604499999999999,6.9743103460068685,65.82855545812973,-0.04392425190394162,0.9356896539931316,0.03531034600687022,0.6655000000000006,-0.3055000000000012,0.08000000000000007,0.5155000000000003,-0.47550000000000114,8.0,7.82,7.6
176,600073.SH,20220421,8.01,8.04,7.66,7.78,8.08,-0.3,-3.7129,351848.46,275690.016,8.243663039524998,7.6309999999999985,7.018336960475,47.17816501698381,-0.2833176318597558,0.6416630395250005,-0.20366303952499898,0.4090000000000007,-0.02900000000000169,-0.22999999999999954,0.4490000000000016,-0.1490000000000018,7.98,7.86,7.63
175,600073.SH,20220422,7.61,7.7,7.27,7.44,7.78,-0.34,-4.3702,337632.21,250704.373,8.234022765161672,7.640999999999998,7.047977234838324,34.05598574252297,-0.2781409423138214,0.2220227651616753,-0.534022765161672,0.05900000000000194,0.37099999999999866,-0.16999999999999993,0.139000000000002,0.20099999999999785,7.86,7.89,7.64
174,600073.SH,20220425,7.22,7.36,6.72,6.76,7.44,-0.68,-9.1398,272828.14,191574.342,8.297644215386068,7.6214999999999975,6.945355784613927,20.42291114256213,-0.4003136101545379,-0.22535578461392713,-0.9376442153860678,-0.2614999999999972,0.9014999999999977,-0.45999999999999996,-0.1814999999999971,0.8614999999999977,7.64,7.77,7.62
173,600073.SH,20220426,6.8,6.96,6.6,6.65,6.76,-0.11,-1.6272,206178.07,139791.572,8.375905089803869,7.590999999999998,6.806094910196128,18.95032082317238,-0.0721048193918258,-0.20609491019612847,-1.4159050898038688,-0.6309999999999985,0.9909999999999988,-0.14999999999999947,-0.8309999999999986,0.9409999999999981,7.34,7.65,7.59
172,600073.SH,20220427,6.66,6.77,6.38,6.77,6.65,0.12,1.8045,191155.72,126303.331,8.412647088907173,7.549999999999999,6.687352911092825,25.940890753213292,0.3688892655312131,-0.30735291109282503,-1.6426470889071734,-0.7799999999999994,1.169999999999999,0.10999999999999943,-0.8999999999999986,0.7799999999999994,7.08,7.54,7.55
171,600073.SH,20220428,6.71,6.72,6.36,6.44,6.77,-0.33,-4.8744,160532.36,104922.802,8.481637446185449,7.492999999999998,6.504362553814546,20.193334158677033,-0.22156357887688613,-0.14436255381454544,-1.761637446185449,-0.7729999999999979,1.1329999999999973,-0.2699999999999996,-0.7229999999999981,1.0529999999999973,6.81,7.4,7.49
170,600073.SH,20220429,6.65,7.08,6.6,7.05,6.44,0.61,9.472,395330.2,275395.083,8.48232620148666,7.4754999999999985,6.468673798513337,46.49120888343575,1.3023047367073148,0.13132620148666252,-1.4023262014866607,-0.3954999999999984,0.8754999999999988,0.39999999999999947,-1.035499999999998,0.42549999999999866,6.73,7.3,7.48
169,600073.SH,20220505,6.96,7.52,6.9,7.46,7.05,0.41,5.8156,337703.8,245422.559,8.484411446675765,7.477999999999999,6.471588553324233,57.72651285984543,0.24166512866075796,0.42841144667576714,-0.964411446675765,0.0420000000000007,0.5779999999999985,0.5,-0.42799999999999905,0.017999999999998906,6.87,7.26,7.48
168,600073.SH,20220506,7.27,7.49,7.25,7.36,7.46,-0.1,-1.3405,178045.22,131401.386,8.48161897560535,7.473999999999999,6.466381024394648,54.384325274633206,-0.05789692499400997,0.7836189756053518,-0.9916189756053502,0.016000000000000902,0.2239999999999993,0.09000000000000075,-0.013999999999999346,0.11399999999999899,7.02,7.18,7.47
167,600073.SH,20220509,7.31,7.43,7.27,7.35,7.36,-0.01,-0.1359,129668.67,95168.021,8.469523696991805,7.461999999999999,6.454476303008192,54.00909004638395,-0.006899694468109463,0.8155236969918072,-1.0395236969918056,-0.03199999999999914,0.19199999999999928,0.040000000000000036,-0.10199999999999854,0.11199999999999921,7.13,7.11,7.46
166,600073.SH,20220510,7.29,7.42,7.16,7.42,7.35,0.07,0.9524,152273.49,111384.091,8.472188849073586,7.465999999999998,6.459811150926411,56.52858187302493,0.046649403359271494,0.700188849073589,-1.0521888490735858,-0.04599999999999849,0.3059999999999983,0.1299999999999999,-0.11599999999999877,0.04599999999999849,7.33,7.07,7.47
165,600073.SH,20220511,7.37,7.53,7.37,7.38,7.42,-0.04,-0.5391,168760.76,125575.455,8.474749468882717,7.474499999999997,6.474250531117279,54.48196335864127,-0.03620502136389685,0.8957494688827214,-0.9447494688827165,0.05550000000000299,0.10449999999999715,0.009999999999999787,-0.05449999999999733,0.09449999999999736,7.39,7.06,7.47
164,600073.SH,20220512,7.35,7.53,7.31,7.5,7.38,0.12,1.626,148521.12,110881.86,8.431408912469678,7.452999999999998,6.474591087530318,59.730599569121814,0.0963371341067514,0.8354089124696813,-0.9014089124696776,0.07700000000000262,0.14299999999999802,0.15000000000000036,-0.07299999999999773,-0.04700000000000237,7.4,7.14,7.45
163,600073.SH,20220513,7.49,7.6,7.36,7.48,7.5,-0.02,-0.2667,125424.23,93956.005,8.405028438051406,7.437999999999997,6.470971561948587,58.38415661533598,-0.022541929320962082,0.8890284380514135,-0.8050284380514068,0.1620000000000026,0.07799999999999674,-0.009999999999999787,0.06200000000000294,-0.04200000000000337,7.43,7.22,7.44
162,600073.SH,20220516,7.45,7.65,7.44,7.59,7.48,0.11,1.4706,185034.0,139970.885,8.36913350880904,7.422499999999997,6.475866491190953,63.773775904037144,0.09231304520181167,0.9641335088090477,-0.7191335088090405,0.2275000000000036,-0.017500000000003624,0.13999999999999968,0.05750000000000366,-0.1675000000000031,7.47,7.3,7.42
161,600073.SH,20220517,7.53,7.56,7.38,7.45,7.59,-0.14,-1.8445,117801.04,87728.184,8.322790084517967,7.4004999999999965,6.478209915482026,53.24263293636589,-0.16513281232583552,0.901790084517974,-0.7627900845179676,0.15950000000000308,0.020499999999996632,-0.08000000000000007,0.18950000000000333,-0.04950000000000365,7.48,7.4,7.4
160,600073.SH,20220518,7.45,7.53,7.41,7.44,7.45,-0.01,-0.1342,99523.5,74395.062,8.245450855762856,7.370499999999997,6.495549144237137,52.499541766842206,-0.01395669463626643,0.9144508557628628,-0.7154508557628558,0.15950000000000308,-0.03950000000000298,-0.009999999999999787,0.07950000000000301,-0.06950000000000323,7.49,7.44,7.37
159,600073.SH,20220519,7.31,7.46,7.27,7.38,7.44,-0.06,-0.8065,104812.0,77081.604,8.18700950113414,7.344999999999997,6.502990498865855,47.705683442089544,-0.09131238413551981,0.7670095011341447,-0.7270095011341402,0.11500000000000288,0.07499999999999751,0.07000000000000028,0.0950000000000033,-0.03500000000000281,7.47,7.44,7.35
158,600073.SH,20220520,7.37,7.53,7.35,7.46,7.38,0.08,1.084,104690.4,77911.101,8.07825322185302,7.311999999999998,6.545746778146976,54.371935244231985,0.13973705691135685,0.8042532218530241,-0.5482532218530194,0.21800000000000264,-0.03800000000000203,0.08999999999999986,0.06800000000000228,-0.14800000000000235,7.46,7.44,7.31
157,600073.SH,20220523,7.46,7.59,7.46,7.57,7.46,0.11,1.4745,109217.33,82346.102,7.979241654587215,7.286499999999997,6.593758345412779,62.301287101402,0.14583538035849478,0.8662416545872214,-0.3892416545872148,0.3035000000000032,-0.17350000000000332,0.11000000000000032,0.17350000000000332,-0.28350000000000364,7.46,7.47,7.29
156,600073.SH,20220524,7.52,7.56,7.32,7.32,7.57,-0.25,-3.3025,139869.32,103916.957,7.918703021971271,7.263499999999996,6.608296978028721,42.26819735823533,-0.3215517796696669,0.711703021971279,-0.35870302197127124,0.29650000000000354,-0.056500000000004214,-0.1999999999999993,0.3065000000000042,-0.056500000000004214,7.43,7.46,7.26
155,600073.SH,20220525,7.33,7.52,7.29,7.52,7.32,0.2,2.7322,114223.6,85129.315,7.927920320705107,7.2674999999999965,6.607079679294886,55.88579762830774,0.3221713042233449,0.6829203207051142,-0.40792032070510764,0.25250000000000306,-0.022500000000003517,0.1899999999999995,0.052500000000003766,-0.25250000000000306,7.45,7.47,7.27
154,600073.SH,20220526,7.53,7.65,7.38,7.62,7.52,0.1,1.3298,156724.32,118085.115,7.94461276599686,7.3104999999999976,6.676387234003135,61.355066545895745,0.09786509542126788,0.7036127659968647,-0.2946127659968596,0.3395000000000028,-0.06950000000000234,0.08999999999999986,0.20950000000000202,-0.30950000000000255,7.5,7.48,7.31
153,600073.SH,20220527,7.58,7.64,7.45,7.55,7.62,-0.07,-0.9186,117836.69,88971.173,7.91960903201435,7.3554999999999975,6.791390967985645,55.56804317871409,-0.09432021987707823,0.658609032014355,-0.27960903201435006,0.2845000000000022,-0.09450000000000269,-0.03000000000000025,0.2645000000000026,-0.19450000000000234,7.52,7.49,7.36
152,600073.SH,20220530,7.58,7.74,7.55,7.61,7.55,0.06,0.7947,152714.12,116644.105,7.903024480119508,7.397499999999998,6.891975519880488,59.497405735260486,0.070712631429346,0.6580244801195114,-0.16302448011950776,0.342500000000002,-0.15250000000000163,0.03000000000000025,0.15250000000000163,-0.21250000000000213,7.52,7.49,7.4
151,600073.SH,20220531,7.59,7.89,7.56,7.81,7.61,0.2,2.6281,283075.52,220586.526,7.761729606228588,7.465999999999998,7.170270393771409,70.08100980778292,0.17788345461002472,0.3897296062285909,0.12827039377141158,0.42400000000000126,-0.0940000000000012,0.21999999999999975,0.1440000000000019,-0.3440000000000012,7.62,7.53,7.47
150,600073.SH,20220601,7.75,7.86,7.64,7.72,7.81,-0.09,-1.1524,180696.98,139847.031,7.747005555493561,7.499499999999998,7.251994444506434,61.41500379329109,-0.12365697980466907,0.3880055554935655,0.11299444450643925,0.3605000000000027,-0.14050000000000207,-0.03000000000000025,0.310500000000002,-0.22050000000000214,7.66,7.56,7.5
149,600073.SH,20220602,7.66,7.71,7.54,7.65,7.72,-0.07,-0.9067,126729.51,96634.16,7.764178368989589,7.508999999999998,7.253821631010406,55.060317406250626,-0.1034712365797272,0.28617836898959403,-0.05417836898958939,0.2010000000000023,-0.03100000000000236,-0.009999999999999787,0.21100000000000207,-0.14100000000000268,7.67,7.58,7.51
148,600073.SH,20220606,7.63,7.68,7.55,7.65,7.65,0.0,0.0,128225.83,97704.953,7.776108392576869,7.523499999999997,7.270891607423125,55.06031740625063,1.2904806387466214e-16,0.2791083925768749,-0.09610839257686887,0.15650000000000297,-0.026500000000003077,0.020000000000000462,0.1265000000000036,-0.1265000000000036,7.69,7.6,7.52
147,600073.SH,20220607,7.65,7.75,7.54,7.61,7.65,-0.04,-0.5229,131249.01,100227.15,7.7785970879629796,7.536499999999998,7.294402912037017,50.740193511202456,-0.07846165984066306,0.24559708796298274,-0.02859708796297955,0.21350000000000158,-0.003500000000001613,-0.040000000000000036,0.11350000000000193,-0.0735000000000019,7.69,7.61,7.54
146,600073.SH,20220608,7.61,7.63,7.42,7.56,7.61,-0.05,-0.657,136763.84,103080.523,7.779743518429918,7.543499999999999,7.30725648157008,45.39727516828228,-0.10529952633587346,0.11274351842992036,-0.1497435184299185,0.08650000000000091,0.12349999999999905,-0.05000000000000071,0.06650000000000134,-0.016500000000000625,7.64,7.63,7.54
145,600073.SH,20220609,7.58,7.67,7.43,7.45,7.56,-0.11,-1.455,116075.5,87339.315,7.775394395728411,7.546999999999999,7.318605604271586,35.522381664417374,-0.21752172277432627,0.11139439572841336,-0.10539439572841136,0.12300000000000111,0.1169999999999991,-0.1299999999999999,0.013000000000000789,0.09699999999999864,7.58,7.62,7.55
144,600073.SH,20220610,7.45,7.52,7.4,7.48,7.45,0.03,0.4027,110101.24,82249.788,7.7753817778295105,7.545999999999998,7.316618222170485,39.80742641835552,0.12062943285783276,0.08338177782951561,-0.2553817778295109,-0.025999999999998025,0.14599999999999724,0.03000000000000025,-0.09599999999999742,0.06599999999999717,7.55,7.61,7.55
143,600073.SH,20220613,7.43,7.55,7.4,7.5,7.48,0.02,0.2674,121787.07,91191.436,7.775394395728411,7.546999999999999,7.318605604271586,42.84608792509957,0.07633403563468996,0.081394395728414,-0.22539439572841147,0.003000000000001002,0.14699999999999847,0.07000000000000028,-0.0669999999999984,0.04699999999999882,7.52,7.6,7.55
142,600073.SH,20220614,7.44,7.82,7.42,7.71,7.5,0.21,2.8,253166.22,193616.097,7.791671322115027,7.552999999999999,7.314328677884971,65.06649838712713,0.5186100187459745,0.10567132211502894,0.028328677884973175,0.26700000000000124,0.13299999999999912,0.2699999999999996,-0.05299999999999905,-0.15700000000000092,7.54,7.61,7.55
141,600073.SH,20220615,7.7,7.84,7.69,7.72,7.71,0.01,0.1297,214857.47,166929.684,7.8108174164895505,7.5665,7.322182583510449,65.8257180790196,0.011668365606142313,0.3678174164895518,0.029182583510449334,0.2735000000000003,-0.12350000000000083,0.019999999999999574,0.1435000000000004,-0.1535000000000002,7.57,7.61,7.57
140,600073.SH,20220616,7.74,7.95,7.73,7.84,7.72,0.12,1.5544,193651.32,151846.419,7.850793397572035,7.586499999999999,7.322206602427963,73.97155996850647,0.12374862177285037,0.40779339757203736,0.09920660242796497,0.36350000000000104,-0.1435000000000013,0.09999999999999964,0.13350000000000062,-0.2535000000000007,7.65,7.62,7.59
139,600073.SH,20220617,7.82,7.89,7.63,7.78,7.84,-0.06,-0.7653,155603.47,120587.368,7.865750843778954,7.6065,7.347249156221046,64.71605973787786,-0.125122415081812,0.2827508437789543,0.024249156221046064,0.2835000000000001,-0.0235000000000003,-0.040000000000000036,0.23350000000000026,-0.17350000000000065,7.71,7.63,7.61
138,600073.SH,20220620,7.69,7.77,7.63,7.7,7.68,0.02,0.2604,125312.96,96480.478,7.871662003468453,7.618499999999999,7.3653379965315455,53.92124874946204,-0.1668026612271898,0.26466200346845437,-0.10166200346845322,0.1515000000000004,-0.011500000000000732,0.009999999999999787,0.061500000000000554,-0.08150000000000102,7.75,7.64,7.62
137,600073.SH,20220621,7.73,7.84,7.58,7.67,7.7,-0.03,-0.3896,126274.98,97334.628,7.87658299034146,7.623499999999998,7.370417009658536,50.15644585836897,-0.06982039508368451,0.2095829903414641,-0.03658299034146051,0.2165000000000017,0.043499999999998096,-0.0600000000000005,0.07650000000000201,-0.04650000000000176,7.74,7.64,7.62
136,600073.SH,20220622,7.71,7.77,7.56,7.61,7.67,-0.06,-0.7823,114527.87,87811.79,7.849716791965263,7.638,7.426283208034737,42.958016257333085,-0.14351953129539327,0.13371679196526287,-0.07971679196526349,0.13199999999999967,0.07800000000000029,-0.09999999999999964,0.03200000000000003,0.02799999999999958,7.72,7.65,7.64
135,600073.SH,20220623,7.63,7.71,7.53,7.7,7.61,0.09,1.1827,99034.86,75504.353,7.853116471928236,7.6469999999999985,7.440883528071761,54.66868786456277,0.27260736476002034,0.08911647192823935,-0.14311647192823607,0.0630000000000015,0.11699999999999822,0.07000000000000028,-0.036999999999998145,-0.05300000000000171,7.69,7.67,7.65
134,600073.SH,20220624,7.67,7.82,7.63,7.78,7.7,0.08,1.039,132694.04,102693.327,7.868588389197837,7.6549999999999985,7.4414116108021595,62.81227144287844,0.14896248467661666,0.18858838919784038,-0.048588389197837145,0.1650000000000018,0.02499999999999858,0.11000000000000032,0.045000000000001705,-0.12500000000000178,7.69,7.7,7.66
133,600073.SH,20220627,7.8,7.93,7.8,7.89,7.78,0.11,1.4139,160898.79,126723.33,7.902876590411836,7.671999999999997,7.441123409588158,71.31496604341551,0.1353667747594422,0.3588765904118416,0.027123409588163838,0.25800000000000267,-0.12800000000000278,0.08999999999999986,0.1080000000000032,-0.21800000000000264,7.73,7.74,7.67
132,600073.SH,20220628,7.89,8.05,7.85,7.89,7.89,0.0,0.0,160224.51,126961.607,7.933499494949521,7.6859999999999955,7.43850050505047,71.31496604341551,0.0,0.4114994949495294,0.11650050505047993,0.3640000000000052,-0.16400000000000414,0.0,0.20400000000000418,-0.20400000000000418,7.77,7.76,7.69
131,600073.SH,20220629,7.89,7.94,7.76,7.77,7.89,-0.12,-1.5209,139770.2,109523.205,7.928081953450571,7.683999999999996,7.439918046549421,52.4692437944277,-0.26426041116691845,0.320081953450579,0.01191804654942974,0.25600000000000467,-0.07600000000000406,-0.1200000000000001,0.20600000000000396,-0.08600000000000385,7.81,7.76,7.68
130,600073.SH,20220630,7.76,8.03,7.76,7.97,7.77,0.2,2.574,181352.8,143838.241,7.970454375763971,7.696499999999996,7.422545624236021,68.90408327378917,0.31322806068546527,0.3374543757639792,0.05954562423602816,0.33350000000000346,-0.06350000000000389,0.20999999999999996,0.07350000000000367,-0.27350000000000385,7.86,7.78,7.7
129,600073.SH,20220701,7.94,8.07,7.9,7.96,7.97,-0.01,-0.1255,133521.44,106673.742,8.007878353382225,7.711999999999996,7.416121646617768,67.50362842805771,-0.02032470035435748,0.4838783533822326,0.06212164661777564,0.3580000000000041,-0.18800000000000416,0.019999999999999574,0.25800000000000356,-0.24800000000000377,7.9,7.79,7.71
128,600073.SH,20220704,8.08,8.3,8.0,8.26,7.96,0.3,3.7688,367265.89,299906.236,8.120805432157956,7.742499999999995,7.364194567842034,81.2342934675862,0.20340632584161022,0.6358054321579658,0.17919456784204435,0.5575000000000054,-0.2575000000000047,0.17999999999999972,0.2175000000000047,-0.5175000000000045,7.97,7.85,7.74
127,600073.SH,20220705,8.2,8.25,8.02,8.11,8.26,-0.15,-1.816,251473.3,204075.686,8.17261109587393,7.767499999999996,7.362388904126061,64.80507306915283,-0.20224488571429378,0.6576110958739383,0.07738890412606914,0.48250000000000437,-0.25250000000000394,-0.08999999999999986,0.49250000000000416,-0.3425000000000038,8.01,7.89,7.77
126,600073.SH,20220706,8.07,8.12,7.87,7.92,8.11,-0.19,-2.3428,176306.98,140492.493,8.184071198156904,7.7854999999999945,7.386928801843085,49.567436930936395,-0.23513029793140586,0.4830711981569147,-0.06407119815690443,0.3345000000000047,-0.08450000000000557,-0.15000000000000036,0.3245000000000049,-0.1345000000000054,8.04,7.92,7.79
125,600073.SH,20220707,7.98,8.09,7.87,7.95,7.92,0.03,0.3788,134925.69,107615.452,8.183674222046799,7.810499999999995,7.437325777953191,51.71842936850719,0.04339527259736723,0.43267422204680894,-0.09367422204679876,0.27950000000000497,-0.059500000000005215,-0.03000000000000025,0.10950000000000504,-0.1395000000000053,8.04,7.95,7.81
124,600073.SH,20220708,7.98,8.01,7.9,7.94,7.95,-0.01,-0.1258,108741.36,86421.462,8.177957544554037,7.8334999999999955,7.489042455445955,50.850895497511516,-0.016774172796591883,0.4109575445540452,-0.16795754455403689,0.17650000000000432,-0.06650000000000489,-0.040000000000000036,0.11650000000000471,-0.10650000000000492,8.04,7.97,7.83
123,600073.SH,20220711,7.94,8.08,7.88,7.98,7.94,0.04,0.5038,140519.58,111958.802,8.171179773017379,7.857499999999995,7.54382022698261,54.51330367703567,0.07202249131882807,0.3361797730173901,-0.09117977301737845,0.22250000000000547,-0.022500000000005294,0.040000000000000036,0.08250000000000579,-0.12250000000000583,7.98,7.98,7.86
122,600073.SH,20220712,7.96,8.07,7.84,7.86,7.98,-0.12,-1.5038,133303.54,105743.962,8.171300506039815,7.864999999999995,7.558699493960175,42.982798721609406,-0.21151726601892995,0.28130050603982504,-0.10130050603981466,0.2050000000000054,0.024999999999995026,-0.09999999999999964,0.11500000000000554,0.004999999999994564,7.93,7.97,7.86
121,600073.SH,20220713,7.85,7.87,7.76,7.85,7.86,-0.01,-0.1272,124594.12,97541.435,8.170650463814171,7.871499999999995,7.572349536185818,42.09247029787049,-0.020713598235084348,0.18765046381418138,-0.30065046381417115,-0.0014999999999947278,0.11149999999999505,0.0,-0.011499999999994515,0.02149999999999519,7.92,7.98,7.87
120,600073.SH,20220714,7.83,7.84,7.71,7.73,7.85,-0.12,-1.5287,115318.89,89503.515,8.171247440612124,7.865999999999994,7.560752559387865,32.42182425721245,-0.22974764779123194,0.14924744061213513,-0.33124744061212397,-0.025999999999994472,0.15599999999999437,-0.09999999999999964,-0.015999999999994685,0.1359999999999939,7.87,7.96,7.87
119,600073.SH,20220715,7.75,7.76,7.49,7.49,7.73,-0.24,-3.1048,168401.02,128295.861,8.196653589001027,7.851499999999994,7.506346410998961,20.89850601751334,-0.35541856461502686,-0.016346410998960614,-0.43665358900102724,-0.09149999999999459,0.36149999999999416,-0.2599999999999998,-0.12149999999999395,0.36149999999999416,7.78,7.91,7.85
118,600073.SH,20220718,7.55,7.65,7.54,7.6,7.49,0.11,1.4686,119340.22,90689.564,8.202998246840373,7.8464999999999945,7.490001753159617,33.832870435495295,0.6189133523297173,0.04999824684038323,-0.5529982468403727,-0.19649999999999412,0.30649999999999444,0.04999999999999982,-0.35649999999999427,0.24649999999999483,7.71,7.84,7.85
117,600073.SH,20220719,7.62,7.71,7.56,7.67,7.6,0.07,0.9211,122063.52,93303.042,8.202998246840373,7.8464999999999945,7.490001753159617,41.177809557322156,0.21709476693177707,0.0699982468403828,-0.4929982468403731,-0.13649999999999451,0.28649999999999487,0.04999999999999982,-0.24649999999999483,0.17649999999999455,7.67,7.8,7.85
116,600073.SH,20220720,7.66,7.78,7.65,7.71,7.67,0.04,0.5215,98548.17,76074.059,8.19723255559793,7.851499999999994,7.50576744440206,45.33854667875653,0.10104318724487663,0.14423255559794068,-0.4172325555979297,-0.07149999999999412,0.20149999999999402,0.04999999999999982,-0.18149999999999444,0.1414999999999944,7.64,7.78,7.85
115,600073.SH,20220721,7.72,7.76,7.63,7.63,7.71,-0.08,-1.0376,92418.72,71035.974,8.20113453526982,7.8479999999999945,7.494865464730169,38.75878089088797,-0.145125202942412,0.135134535269831,-0.4411345352698195,-0.08799999999999475,0.21799999999999464,-0.08999999999999986,-0.13799999999999457,0.21799999999999464,7.62,7.75,7.85
114,600073.SH,20220722,7.61,7.7,7.5,7.57,7.63,-0.06,-0.7864,107285.37,81468.207,8.210052009792356,7.837499999999994,7.464947990207632,34.28121892291663,-0.11552380815527653,0.03505200979236811,-0.5100520097923562,-0.13749999999999396,0.33749999999999414,-0.040000000000000036,-0.20749999999999424,0.26749999999999385,7.64,7.71,7.84
113,600073.SH,20220725,7.55,7.62,7.48,7.5,7.57,-0.07,-0.9247,76853.73,57928.986,8.217379518754091,7.817999999999995,7.418620481245898,29.50868155008633,-0.13921726014356828,0.06137951875410241,-0.5973795187540913,-0.19799999999999507,0.33799999999999475,-0.04999999999999982,-0.2479999999999949,0.3179999999999952,7.62,7.66,7.82
112,600073.SH,20220726,7.52,7.56,7.47,7.54,7.5,0.04,0.5333,59335.43,44622.336,8.216070691940944,7.800499999999995,7.384929308059046,35.65159073779876,0.20817294657119176,0.0850706919409534,-0.6560706919409443,-0.2404999999999955,0.33049999999999535,0.020000000000000462,-0.3004999999999951,0.26049999999999507,7.59,7.63,7.8
111,600073.SH,20220727,7.55,7.57,7.48,7.51,7.54,-0.03,-0.3979,62871.31,47223.412,8.22191339758381,7.787499999999994,7.3530866024161785,33.05879673694657,-0.07272589938331266,0.12691339758382192,-0.6519133975838098,-0.21749999999999403,0.3074999999999939,-0.040000000000000036,-0.24749999999999428,0.27749999999999453,7.55,7.6,7.79
110,600073.SH,20220728,7.54,7.62,7.48,7.5,7.51,-0.01,-0.1332,104995.36,79290.95,8.207143317675357,7.763999999999994,7.3208566823246315,32.12428959578521,-0.028268032517860968,0.15914331767536893,-0.5871433176753564,-0.1439999999999939,0.2839999999999936,-0.040000000000000036,-0.25399999999999423,0.263999999999994,7.52,7.57,7.76
109,600073.SH,20220729,7.49,7.52,7.43,7.43,7.5,-0.07,-0.9333,100569.76,75151.055,8.193783902850294,7.7374999999999945,7.281216097149695,25.96003988262271,-0.19188750290594017,0.14878390285030463,-0.6737839028502943,-0.21749999999999492,0.3074999999999948,-0.0600000000000005,-0.2374999999999945,0.3074999999999948,7.5,7.57,7.74
108,600073.SH,20220801,7.4,7.45,7.35,7.38,7.43,-0.05,-0.6729,91416.67,67524.409,8.10751811554603,7.693499999999995,7.2794818844539595,22.293342344914528,-0.14124391003584774,0.07051811554604015,-0.6575181155460301,-0.24349999999999472,0.34349999999999525,-0.020000000000000462,-0.2634999999999952,0.313499999999995,7.47,7.54,7.69
107,600073.SH,20220802,7.33,7.37,7.02,7.15,7.38,-0.23,-3.1165,146104.44,104819.359,8.077447913527035,7.645499999999994,7.213552086472953,12.52669744896249,-0.43809693247634385,-0.19355208647295363,-0.7074479135270346,-0.27549999999999386,0.6254999999999944,-0.17999999999999972,-0.2654999999999941,0.4954999999999936,7.39,7.49,7.65
106,600073.SH,20220803,7.2,7.25,7.07,7.07,7.15,-0.08,-1.1189,103356.43,74149.581,8.08312914929247,7.602999999999994,7.12287085070752,10.590196825549379,-0.15458987744399466,-0.052870850707519956,-0.8331291492924695,-0.35299999999999443,0.5329999999999941,-0.1299999999999999,-0.4529999999999941,0.5329999999999941,7.31,7.43,7.6
105,600073.SH,20220804,7.14,7.19,7.05,7.18,7.07,0.11,1.5559,73480.18,52308.867,8.050605955528477,7.564499999999995,7.078394044471514,28.761289613589835,1.7158408939295429,-0.028394044471514057,-0.8606059555284764,-0.37449999999999495,0.5144999999999955,0.040000000000000036,-0.49449999999999505,0.3844999999999956,7.24,7.38,7.56
104,600073.SH,20220805,7.19,7.25,7.15,7.24,7.18,0.06,0.8357,94094.73,67773.583,8.003059922290923,7.529499999999996,7.05594007770907,37.12525038246221,0.2908061801554396,0.09405992229093041,-0.7530599222909231,-0.2794999999999961,0.37949999999999573,0.04999999999999982,-0.34949999999999637,0.28949999999999587,7.2,7.35,7.53
103,600073.SH,20220808,7.2,7.29,7.17,7.23,7.24,-0.01,-0.1381,74825.69,54158.821,7.934700801896985,7.4919999999999956,7.049299198103006,36.27349413848046,-0.022942774397667613,0.1207008018969935,-0.6447008018969846,-0.20199999999999552,0.3219999999999956,0.03000000000000025,-0.25199999999999534,0.2619999999999951,7.17,7.32,7.49
102,600073.SH,20220809,7.23,7.23,7.13,7.18,7.23,-0.05,-0.6916,70780.53,50726.992,7.886653706388051,7.457999999999996,7.02934629361194,31.884395220394758,-0.12100016892030147,0.10065370638805948,-0.6566537063880507,-0.22799999999999532,0.32799999999999585,-0.05000000000000071,-0.22799999999999532,0.27799999999999603,7.18,7.29,7.46
101,600073.SH,20220810,7.18,7.19,7.1,7.16,7.18,-0.02,-0.2786,64192.07,45869.375,7.830944474744991,7.423499999999995,7.016055525255,30.134198526634503,-0.054891952055617074,0.08394447474499955,-0.6409444747449902,-0.23349999999999493,0.3234999999999957,-0.019999999999999574,-0.2434999999999956,0.2634999999999952,7.2,7.25,7.42
100,600073.SH,20220811,7.19,7.34,7.18,7.32,7.16,0.16,2.2346,105987.96,77037.31,7.7872967603300784,7.402999999999996,7.018703239669914,54.24524799764324,0.8001224737966026,0.1612967603300861,-0.4472967603300786,-0.06299999999999617,0.2229999999999963,0.1299999999999999,-0.24299999999999589,0.08299999999999574,7.23,7.23,7.4
99,600073.SH,20220812,7.29,7.36,7.27,7.32,7.32,0.0,0.0,66319.0,48536.817,7.778243403852385,7.394499999999995,7.010756596147606,54.24524799764323,-1.309870932456555e-16,0.25924340385239386,-0.4182434038523848,-0.03449999999999509,0.12449999999999584,0.03000000000000025,-0.07449999999999513,0.07449999999999513,7.24,7.22,7.39
98,600073.SH,20220815,7.3,7.37,7.27,7.35,7.32,0.03,0.4098,76104.49,55797.821,7.754268720147466,7.381999999999995,7.009731279852525,58.145210200424934,0.07189500180644655,0.26026872014747493,-0.3842687201474657,-0.011999999999995126,0.11199999999999566,0.04999999999999982,-0.06199999999999495,0.03199999999999559,7.27,7.22,7.38
97,600073.SH,20220816,7.35,7.4,7.3,7.39,7.35,0.04,0.5442,85698.22,63105.776,7.71617237110416,7.367999999999995,7.01982762889583,63.16824908167871,0.08638783597031464,0.2801723711041699,-0.31617237110415974,0.03200000000000536,0.06799999999999518,0.040000000000000036,-0.017999999999995353,-0.022000000000004682,7.31,7.24,7.37
96,600073.SH,20220817,7.41,7.42,7.33,7.38,7.39,-0.01,-0.1353,56243.74,41464.045,7.662580375466417,7.351499999999994,7.0404196245335715,60.973017618297774,-0.034752134106842594,0.28958037546642856,-0.2425803754664173,0.06850000000000556,0.0214999999999943,-0.03000000000000025,0.03850000000000531,-0.02850000000000552,7.35,7.28,7.35
95,600073.SH,20220818,7.35,7.39,7.27,7.32,7.38,-0.06,-0.813,69956.94,51231.695,7.6197181700215495,7.335999999999994,7.052281829978439,48.77001138962525,-0.2001378102206712,0.2177181700215609,-0.22971817002154982,0.0540000000000056,0.06599999999999451,-0.02999999999999936,0.04400000000000581,0.015999999999993797,7.35,7.29,7.34
94,600073.SH,20220819,7.31,7.42,7.3,7.36,7.32,0.04,0.5464,94569.86,69726.76,7.588595039862621,7.3254999999999955,7.0624049601373695,55.840413709905526,0.14497438320845554,0.2375950398626303,-0.16859503986262148,0.09450000000000447,0.025499999999995637,0.05000000000000071,-0.005499999999995175,-0.03450000000000486,7.36,7.3,7.33
93,600073.SH,20220822,7.38,7.43,7.35,7.39,7.36,0.03,0.4076,72395.98,53506.815,7.572665787158328,7.319999999999995,7.067334212841662,60.71950884541367,0.08737569819692512,0.28266578715833734,-0.1426657871583279,0.11000000000000476,-0.03000000000000469,0.009999999999999787,0.040000000000005365,-0.07000000000000473,7.37,7.32,7.32
92,600073.SH,20220823,7.38,7.48,7.35,7.47,7.39,0.08,1.0825,82326.9,61162.084,7.5585970879633875,7.316499999999995,7.074402912036603,70.97988700766543,0.16897992683659122,0.2755970879633969,-0.07859708796338705,0.1635000000000053,-0.033500000000004526,0.08999999999999986,0.07350000000000456,-0.15350000000000463,7.38,7.35,7.32
91,600073.SH,20220824,7.47,7.56,7.36,7.38,7.47,-0.09,-1.2048,116988.26,87190.999,7.537508241609643,7.309999999999995,7.082491758390347,52.475433560450945,-0.2606999563864634,0.27750824160965326,0.02249175839035633,0.25000000000000444,-0.05000000000000515,-0.08999999999999986,0.16000000000000458,-0.07000000000000473,7.38,7.37,7.31
90,600073.SH,20220825,7.41,7.54,7.39,7.52,7.38,0.14,1.897,98431.85,73531.914,7.541989177236334,7.3109999999999955,7.080010822763657,68.03222767979655,0.2964586105119913,0.3099891772363428,-0.001989177236334072,0.22900000000000453,-0.07900000000000418,0.10999999999999943,0.06900000000000439,-0.20900000000000407,7.42,7.39,7.31
89,600073.SH,20220826,7.54,7.57,7.46,7.56,7.52,0.04,0.5319,96708.93,72895.918,7.568009480859206,7.3174999999999955,7.066990519140785,71.25798942492608,0.04741520092965414,0.39300948085921483,0.001990519140794511,0.25250000000000483,-0.1425000000000045,0.019999999999999574,0.20250000000000412,-0.24250000000000416,7.46,7.41,7.32
88,600073.SH,20220829,7.5,7.7,7.46,7.69,7.56,0.13,1.7196,157582.21,119803.875,7.630932878347396,7.332999999999996,7.035067121652595,79.37476350109345,0.11390686352045912,0.4249328783474047,0.06906712165260398,0.36700000000000443,-0.12700000000000422,0.1900000000000004,0.22700000000000387,-0.35700000000000465,7.52,7.45,7.33
87,600073.SH,20220830,7.68,7.73,7.58,7.71,7.69,0.02,0.2601,156825.5,120285.271,7.688652254685324,7.360999999999995,7.033347745314667,80.39678829687314,0.012875941303001256,0.5466522546853332,0.041347745314676665,0.3690000000000051,-0.21900000000000475,0.03000000000000025,0.32900000000000507,-0.34900000000000464,7.57,7.48,7.36
86,600073.SH,20220831,7.69,7.8,7.63,7.7,7.71,-0.01,-0.1297,204725.11,158315.247,7.7233096129201595,7.392499999999996,7.061690387079832,78.07550291638094,-0.028872862084000445,0.5683096129201681,0.07669038707984033,0.4075000000000042,-0.23750000000000426,0.009999999999999787,0.31750000000000433,-0.30750000000000455,7.64,7.51,7.39
85,600073.SH,20220901,7.77,7.91,7.7,7.86,7.7,0.16,2.0779,248254.06,194507.66,7.799984939455913,7.426499999999995,7.053015060544078,85.89483011293636,0.10015083994950297,0.6469849394559226,0.11001506054408683,0.4835000000000047,-0.27350000000000474,0.09000000000000075,0.27350000000000474,-0.4335000000000049,7.7,7.56,7.43
84,600073.SH,20220902,7.86,7.89,7.71,7.8,7.86,-0.06,-0.7634,159182.44,123963.576,7.851109379617226,7.454499999999996,7.057890620382766,74.01590100955087,-0.13829620581083654,0.6521093796172339,0.03889062038277391,0.4355000000000038,-0.25550000000000406,-0.0600000000000005,0.4055000000000044,-0.3455000000000039,7.75,7.61,7.45
83,600073.SH,20220905,7.78,7.85,7.72,7.79,7.8,-0.01,-0.1282,125766.34,97708.94,7.890660507644126,7.482499999999996,7.0743394923558665,72.02377796539564,-0.02691479826609387,0.6456605076441333,-0.04066050764412665,0.36750000000000327,-0.23750000000000338,0.009999999999999787,0.31750000000000345,-0.30750000000000366,7.77,7.65,7.48
82,600073.SH,20220906,7.8,7.85,7.75,7.84,7.79,0.05,0.6418,102190.22,79749.623,7.927202562538015,7.515499999999996,7.103797437461977,75.91348079707106,0.05400581504547371,0.646202562538023,-0.07720256253801505,0.3345000000000038,-0.23450000000000415,0.040000000000000036,0.2745000000000042,-0.324500000000004,7.8,7.68,7.52
81,600073.SH,20220907,7.78,7.8,7.7,7.74,7.84,-0.1,-1.2755,105397.06,81574.474,7.93300868716199,7.544499999999997,7.155991312838004,56.92003515160287,-0.25019858720799176,0.5440086871619965,-0.13300868716198977,0.25550000000000317,-0.15550000000000352,-0.040000000000000036,0.2955000000000032,-0.19550000000000356,7.81,7.72,7.54
80,600073.SH,20220908,7.78,7.79,7.63,7.67,7.74,-0.07,-0.9044,76964.03,59154.999,7.939867701716318,7.561999999999996,7.184132298283673,47.03486703499809,-0.1736676390005077,0.4458677017163266,-0.14986770171631836,0.2280000000000042,-0.06800000000000406,-0.11000000000000032,0.17800000000000438,-0.10800000000000409,7.77,7.74,7.56
79,600073.SH,20220909,7.67,7.73,7.66,7.67,7.67,0.0,0.0,59222.5,45575.781,7.943064299677988,7.579499999999996,7.215935700322004,47.03486703499809,0.0,0.4440642996779962,-0.21306429967798746,0.15050000000000452,-0.08050000000000423,0.0,0.09050000000000402,-0.09050000000000402,7.74,7.75,7.58
78,600073.SH,20220913,7.73,7.82,7.69,7.76,7.67,0.09,1.1734,82790.0,64264.575,7.95564026768678,7.599999999999996,7.244359732313212,59.92145198348538,0.273979406360361,0.4456402676867883,-0.13564026768677984,0.2200000000000042,-0.0900000000000043,0.02999999999999936,0.07000000000000384,-0.1600000000000037,7.74,7.75,7.6
77,600073.SH,20220914,7.66,7.81,7.62,7.78,7.76,0.02,0.2577,95199.74,73690.097,7.969669958734669,7.619499999999997,7.269330041265325,62.36334970760963,0.04075164474981754,0.35066995873467555,-0.1596699587346695,0.19050000000000278,-0.0005000000000032756,0.1200000000000001,0.14050000000000296,-0.16050000000000342,7.72,7.76,7.62
76,600073.SH,20220915,7.78,7.91,7.71,7.77,7.78,-0.01,-0.1285,147575.34,115220.448,7.976869797407531,7.638999999999998,7.301130202592464,60.163955277368466,-0.035267419735357665,0.4088697974075357,-0.06686979740753074,0.27100000000000257,-0.0710000000000024,-0.010000000000000675,0.14100000000000268,-0.131000000000002,7.73,7.77,7.64
75,600073.SH,20220916,7.74,7.79,7.5,7.55,7.77,-0.22,-2.8314,118429.85,90499.789,7.958491883010177,7.650499999999998,7.342508116989819,31.155924199406897,-0.4821496682561586,0.1574918830101808,-0.16849188301017737,0.13950000000000173,0.1504999999999983,-0.1900000000000004,0.11950000000000127,0.10049999999999848,7.71,7.74,7.65
74,600073.SH,20220919,7.54,7.57,7.4,7.55,7.55,0.0,0.0,94903.0,71107.799,7.942205598810885,7.659999999999998,7.377794401189112,31.155924199406904,2.2806023381377547e-16,0.02220559881088846,-0.37220559881088455,-0.08999999999999808,0.259999999999998,0.009999999999999787,-0.10999999999999854,0.10999999999999854,7.68,7.71,7.66
73,600073.SH,20220920,7.58,7.67,7.51,7.61,7.55,0.06,0.7947,83936.22,63779.55,7.926099980400074,7.670999999999999,7.415900019599925,42.116380056034124,0.3517936359864384,0.09409998040007483,-0.25609998040007387,-0.0009999999999994458,0.1609999999999996,0.03000000000000025,-0.12099999999999955,0.060999999999999055,7.65,7.69,7.67
72,600073.SH,20220921,7.62,7.73,7.56,7.7,7.61,0.09,1.1827,86534.55,66293.662,7.920481091686171,7.682499999999999,7.444518908313827,55.009438738179504,0.3061293175004996,0.11548109168617238,-0.19048109168617078,0.04750000000000121,0.12249999999999961,0.08000000000000007,-0.0724999999999989,-0.01750000000000096,7.64,7.68,7.68
71,600073.SH,20220922,7.66,7.74,7.64,7.65,7.7,-0.05,-0.6494,66535.62,51078.368,7.89046336415918,7.696,7.50153663584082,47.897017243488065,-0.12929456576612983,0.13846336415917992,-0.1504633641591795,0.04400000000000048,0.05600000000000005,-0.009999999999999787,0.004000000000000448,0.045999999999999375,7.61,7.67,7.7
70,600073.SH,20220923,7.63,7.67,7.4,7.44,7.65,-0.21,-2.7451,88081.24,66225.2,7.903338590891851,7.691999999999998,7.480661409108146,28.999590414981025,-0.39454287377521985,-0.08066140910814568,-0.23333859089185083,-0.021999999999998465,0.29199999999999804,-0.1899999999999995,-0.04199999999999804,0.251999999999998,7.59,7.65,7.69
69,600073.SH,20220926,7.42,7.44,7.17,7.19,7.44,-0.25,-3.3602,87942.48,63993.814,7.973851460792392,7.673499999999999,7.373148539207606,18.546293413313613,-0.3604636083503889,-0.20314853920760623,-0.5338514607923912,-0.2334999999999985,0.503499999999999,-0.22999999999999954,-0.2334999999999985,0.4834999999999985,7.52,7.6,7.67
68,600073.SH,20220927,7.25,7.55,7.19,7.53,7.19,0.34,4.7288,117660.77,86785.903,7.97212517835322,7.665499999999999,7.358874821646777,48.71566694745941,1.6267063645444355,-0.16887482164677703,-0.4221251783532205,-0.11549999999999905,0.4754999999999985,0.28000000000000025,-0.4754999999999985,0.13549999999999862,7.5,7.58,7.67
67,600073.SH,20220928,7.52,7.68,7.48,7.48,7.53,-0.05,-0.664,109833.38,83254.672,7.970189816408068,7.653999999999998,7.3378101835919285,45.72685166956998,-0.06135223974482198,0.14218981640807193,-0.29018981640806807,0.026000000000001577,0.1739999999999977,-0.03999999999999915,-0.12399999999999789,0.1739999999999977,7.46,7.55,7.65
66,600073.SH,20220929,7.57,7.71,7.38,7.43,7.48,-0.05,-0.6684,99365.5,75184.171,7.97043787293999,7.6404999999999985,7.310562127060007,42.591174901300064,-0.06857407964425041,0.06943787293999293,-0.2604378729399901,0.06950000000000145,0.2604999999999986,-0.14000000000000057,-0.1604999999999981,0.2104999999999988,7.41,7.51,7.64
65,600073.SH,20220930,7.44,7.57,7.34,7.35,7.43,-0.08,-1.0767,77281.18,57471.085,7.9518976105587775,7.6149999999999975,7.278102389441218,37.63594265359336,-0.11634410788596135,0.06189761055878229,-0.38189761055877725,-0.044999999999997264,0.2749999999999977,-0.09000000000000075,-0.18499999999999783,0.2649999999999979,7.4,7.49,7.62
64,600073.SH,20221010,7.45,7.61,7.38,7.48,7.35,0.13,1.7687,148193.68,111192.237,7.929569206067771,7.598999999999997,7.268430793932223,49.16820365067455,0.306416159234426,0.11156920606777732,-0.3195692060677704,0.011000000000003674,0.21899999999999675,0.03000000000000025,-0.248999999999997,0.11899999999999622,7.45,7.49,7.6
63,600073.SH,20221011,7.43,7.78,7.33,7.77,7.48,0.29,3.877,183581.06,139082.991,7.926365649848226,7.597999999999997,7.269634350151769,65.99907821518019,0.3423121715831637,0.06036564984823123,-0.1463656498482253,0.18200000000000305,0.26799999999999713,0.33999999999999986,-0.11799999999999677,-0.17200000000000237,7.5,7.5,7.6
62,600073.SH,20221012,7.62,7.67,7.01,7.34,7.77,-0.43,-5.5341,417952.87,303693.677,7.899992354651063,7.572999999999998,7.246007645348932,41.53116103444566,-0.37073119568368096,-0.23600764534893237,-0.22999235465106338,0.0970000000000022,0.562999999999998,-0.28000000000000025,0.19700000000000184,0.23299999999999788,7.47,7.47,7.57
61,600073.SH,20221013,7.17,7.44,7.11,7.29,7.34,-0.05,-0.6812,266588.91,193177.139,7.8901159595782975,7.550499999999997,7.210884040421696,39.488427286060194,-0.04918556807721403,-0.10088404042169596,-0.4501159595782971,-0.11049999999999649,0.44049999999999656,0.1200000000000001,-0.21049999999999702,0.26049999999999685,7.45,7.43,7.55
60,600073.SH,20221014,7.3,7.48,7.27,7.38,7.29,0.09,1.2346,183111.61,135242.294,7.878718543414731,7.535999999999997,7.193281456585263,45.29981968258996,0.14716697513504792,0.07671854341473683,-0.3987185434147307,-0.0559999999999965,0.26599999999999735,0.08000000000000007,-0.2459999999999969,0.15599999999999703,7.45,7.42,7.54
59,600073.SH,20221017,7.37,7.43,7.29,7.39,7.38,0.01,0.1355,129419.17,95431.389,7.8645551050566045,7.521999999999997,7.179444894943389,45.99140124530798,0.015266761933355239,0.11055510505661115,-0.4345551050566048,-0.09199999999999697,0.23199999999999665,0.019999999999999574,-0.1419999999999968,0.131999999999997,7.43,7.44,7.52
58,600073.SH,20221018,7.4,7.49,7.35,7.4,7.39,0.01,0.1353,121743.58,90239.803,7.832170687295936,7.503999999999998,7.175829312704059,46.79856058689695,0.01755022286195965,0.17417068729594032,-0.342170687295936,-0.01399999999999757,0.15399999999999814,0.0,-0.1139999999999981,0.10399999999999743,7.36,7.43,7.5
57,600073.SH,20221019,7.39,7.44,7.19,7.2,7.4,-0.2,-2.7027,158848.36,115562.543,7.802993902382839,7.474999999999997,7.1470060976171546,34.444128002093045,-0.26399172175101043,0.04299390238284584,-0.362993902382839,-0.03499999999999659,0.2849999999999966,-0.1899999999999995,-0.07499999999999662,0.2749999999999968,7.33,7.4,7.48
56,600073.SH,20221020,7.2,7.22,7.09,7.11,7.2,-0.09,-1.25,121120.28,86602.981,7.777356526700017,7.4419999999999975,7.106643473299978,30.146568026994704,-0.12476901650223789,-0.016643473299978062,-0.5573565267000173,-0.22199999999999775,0.35199999999999765,-0.08999999999999986,-0.24199999999999733,0.3319999999999972,7.3,7.37,7.44
55,600073.SH,20221021,7.16,7.19,7.04,7.06,7.11,-0.05,-0.7032,102118.14,72529.912,7.787520269715455,7.417499999999997,7.047479730284539,27.831557335971464,-0.0767918487089564,-0.007479730284538633,-0.5975202697154547,-0.22749999999999648,0.37749999999999684,-0.10000000000000053,-0.30749999999999655,0.35749999999999726,7.23,7.34,7.42
54,600073.SH,20221024,7.08,7.15,6.95,7.0,7.06,-0.06,-0.8499,145039.95,102420.101,7.7964972324633335,7.389999999999996,6.983502767536659,25.060374548994623,-0.09956980680327109,-0.033502767536658595,-0.6464972324633331,-0.23999999999999577,0.43999999999999595,-0.08000000000000007,-0.3299999999999965,0.3899999999999961,7.15,7.29,7.39
53,600073.SH,20221025,7.03,7.03,6.8,6.9,7.0,-0.1,-1.4286,149765.64,103285.988,7.800077153813254,7.354499999999996,6.908922846186739,20.898629537909123,-0.16606874741433034,-0.10892284618673909,-0.7700771538132534,-0.324499999999996,0.5544999999999964,-0.1299999999999999,-0.35449999999999626,0.4544999999999959,7.05,7.21,7.35
52,600073.SH,20221026,6.89,7.04,6.88,6.94,6.9,0.04,0.5797,154307.21,107293.359,7.767333672212225,7.316499999999996,6.865666327787767,26.738521669168342,0.2794389996083682,0.01433367221223314,-0.7273336722122252,-0.27649999999999597,0.4364999999999961,0.05000000000000071,-0.41649999999999565,0.3764999999999956,7.0,7.17,7.32
51,600073.SH,20221027,6.94,7.0,6.89,6.94,6.94,0.0,0.0,141429.0,98270.628,7.73301327414178,7.280999999999996,6.828986725858212,26.738521669168346,1.3286873981881596e-16,0.06101327414178748,-0.7330132741417801,-0.28099999999999614,0.39099999999999646,0.0,-0.34099999999999575,0.34099999999999575,6.97,7.13,7.28
50,600073.SH,20221028,6.9,6.9,6.67,6.7,6.94,-0.24,-3.4582,144695.87,97751.685,7.755171204197166,7.243999999999995,6.732828795802825,16.325144568706556,-0.38945223783516975,-0.06282879580282508,-0.8551712041971653,-0.343999999999995,0.5739999999999954,-0.20000000000000018,-0.30399999999999494,0.5439999999999952,6.9,7.06,7.24
49,600073.SH,20221031,6.68,6.76,6.66,6.71,6.7,0.01,0.1493,161488.77,108267.78,7.781640454383728,7.219999999999996,6.658359545616264,17.923390530301393,0.09790087645891317,0.0016404543837360563,-1.0216404543837285,-0.4599999999999964,0.5599999999999961,0.03000000000000025,-0.519999999999996,0.5099999999999962,6.84,7.0,7.22
48,600073.SH,20221101,6.73,6.93,6.72,6.93,6.71,0.22,3.2787,153271.31,104681.394,7.746273314118431,7.189999999999996,6.633726685881561,45.437136630286794,1.5350748539161994,0.08627331411843908,-0.8162733141184315,-0.25999999999999623,0.4699999999999962,0.1999999999999993,-0.479999999999996,0.25999999999999623,6.84,6.95,7.19
47,600073.SH,20221102,6.97,7.09,6.93,7.04,6.93,0.11,1.5873,143584.97,100766.95,7.711308383885486,7.167999999999997,6.624691616114507,54.57380617336437,0.20108374384197863,0.3053083838854924,-0.621308383885486,-0.07799999999999674,0.23799999999999688,0.07000000000000028,-0.23799999999999688,0.12799999999999656,6.86,6.93,7.17
46,600073.SH,20221103,7.04,7.33,6.99,7.25,7.04,0.21,2.983,221757.46,159904.718,7.690484712856592,7.158999999999996,6.6275152871434,67.16853627361785,0.2307834285965662,0.3624847128565998,-0.360484712856592,0.17100000000000382,0.16899999999999604,0.20999999999999996,-0.11899999999999622,-0.09100000000000374,6.93,6.95,7.16
45,600073.SH,20221104,7.24,7.36,7.21,7.32,7.25,0.07,0.9655,172747.53,126474.075,7.6869855994267136,7.157499999999996,6.628014400573279,70.44614186046633,0.04879673979341788,0.5819855994267211,-0.32698559942671324,0.20250000000000412,-0.052500000000003766,0.08000000000000007,0.0925000000000038,-0.16250000000000409,7.05,6.97,7.16
44,600073.SH,20221107,7.31,7.49,7.28,7.42,7.32,0.1,1.3661,139204.47,103330.026,7.677280068480321,7.154499999999996,6.6317199315196715,74.76486432688951,0.06130530859982846,0.6482800684803287,-0.18728006848032042,0.33550000000000413,-0.12550000000000416,0.11000000000000032,0.1655000000000042,-0.26550000000000384,7.19,7.02,7.15
43,600073.SH,20221108,7.46,7.47,7.3,7.37,7.42,-0.05,-0.6739,89921.24,66295.745,7.587511037393471,7.134499999999996,6.681488962606521,68.73802757512473,-0.08061054889919994,0.6185110373934792,-0.11751103739347091,0.33550000000000413,-0.1655000000000042,-0.08999999999999986,0.2855000000000043,-0.23550000000000448,7.28,7.06,7.13
42,600073.SH,20221109,7.35,7.41,7.33,7.37,7.37,0.0,0.0,87855.73,64736.754,7.5919122722633485,7.135999999999996,6.680087727736643,68.73802757512472,-2.0673934380311926e-16,0.6499122722633572,-0.18191227226334838,0.27400000000000446,-0.1940000000000044,0.020000000000000462,0.23400000000000443,-0.23400000000000443,7.35,7.1,7.14
41,600073.SH,20221110,7.35,7.52,7.28,7.46,7.37,0.09,1.2212,126379.39,93944.155,7.617595127855202,7.144499999999996,6.671404872144791,74.14106020799977,0.07860325388257622,0.6085951278552093,-0.09759512785520208,0.3755000000000033,-0.13550000000000395,0.11000000000000032,0.2255000000000038,-0.31550000000000367,7.39,7.16,7.14
40,600073.SH,20221111,7.54,7.59,7.48,7.52,7.46,0.06,0.8043,133464.11,100646.003,7.642143455067213,7.151499999999997,6.660856544932781,77.28213778839662,0.042366235006414614,0.8191434550672199,-0.052143455067213296,0.438500000000003,-0.32850000000000357,-0.020000000000000462,0.3085000000000031,-0.3685000000000027,7.43,7.24,7.15
39,600073.SH,20221114,7.52,7.59,7.47,7.52,7.52,0.0,0.0,93698.54,70497.116,7.664304256352057,7.157999999999999,6.65169574364794,77.28213778839664,1.8388278484366235e-16,0.8183042563520599,-0.07430425635205751,0.43200000000000127,-0.31200000000000117,0.0,0.362000000000001,-0.362000000000001,7.45,7.32,7.16
38,600073.SH,20221115,7.51,7.57,7.44,7.51,7.52,-0.01,-0.133,96891.78,72674.133,7.682432558238824,7.163499999999997,6.64456744176117,75.09297283141049,-0.02832692029017389,0.7954325582388302,-0.11243255823882414,0.40650000000000297,-0.2765000000000031,0.0,0.35650000000000226,-0.3465000000000025,7.48,7.38,7.16
37,600073.SH,20221116,7.51,7.55,7.49,7.5,7.51,-0.01,-0.1332,67258.73,50569.538,7.7177318610766905,7.178499999999998,6.639268138923305,72.62430534117598,-0.032874813676332375,0.850731861076695,-0.1677318610766907,0.37150000000000194,-0.31150000000000233,-0.009999999999999787,0.3315000000000019,-0.3215000000000021,7.5,7.42,7.18
36,600073.SH,20221117,7.48,7.62,7.48,7.58,7.5,0.08,1.0667,78119.83,59112.522,7.767565204021775,7.201999999999998,6.6364347959782215,79.19144734020063,0.09042622808126542,0.8435652040217789,-0.14756520402177475,0.4180000000000019,-0.27800000000000225,0.09999999999999964,0.2980000000000018,-0.3780000000000019,7.53,7.46,7.2
35,600073.SH,20221118,7.61,7.61,7.53,7.54,7.58,-0.04,-0.5277,62146.0,47014.567,7.805979309976014,7.225999999999997,6.64602069002398,69.22730477505155,-0.1258234683139942,0.88397930997602,-0.1959793099760141,0.384000000000003,-0.30400000000000293,-0.07000000000000028,0.35400000000000276,-0.3140000000000027,7.53,7.48,7.23
34,600073.SH,20221121,7.52,7.55,7.4,7.53,7.54,-0.01,-0.1326,77634.26,58066.637,7.837166571645974,7.252499999999998,6.6678334283540215,66.7092288136847,-0.03637402856501677,0.7321665716459789,-0.28716657164597414,0.2975000000000021,-0.14750000000000263,0.010000000000000675,0.2875000000000023,-0.2775000000000025,7.53,7.49,7.25
33,600073.SH,20221122,7.53,7.59,7.45,7.49,7.53,-0.04,-0.5312,55939.0,42047.427,7.8518982365301895,7.281999999999998,6.712101763469807,56.793371049555844,-0.1486429680040721,0.7378982365301932,-0.2618982365301896,0.3080000000000016,-0.16800000000000193,-0.040000000000000036,0.248000000000002,-0.20800000000000196,7.53,7.5,7.28
32,600073.SH,20221123,7.52,7.52,7.4,7.42,7.49,-0.07,-0.9346,59952.52,44579.961,7.856359882259132,7.305999999999997,6.755640117740863,43.28267421634653,-0.23789214451490068,0.6443598822591374,-0.33635988225913227,0.2140000000000022,-0.09400000000000297,-0.09999999999999964,0.18400000000000283,-0.11400000000000254,7.51,7.51,7.31
31,600073.SH,20221124,7.43,7.48,7.36,7.43,7.42,0.01,0.1348,51577.01,38238.492,7.856597899634905,7.330499999999998,6.804402100365091,45.50506017632331,0.05134585605474111,0.5555978996349094,-0.37659789963490464,0.1495000000000024,-0.029500000000002302,0.0,0.08950000000000191,-0.0995000000000017,7.48,7.5,7.33
30,600073.SH,20221125,7.42,7.49,7.39,7.45,7.43,0.02,0.2692,59680.77,44504.286,7.809026076326873,7.367999999999998,6.926973923673122,50.189285248914985,0.1029385535244038,0.4630260763268774,-0.31902607632687285,0.12200000000000255,-0.022000000000002018,0.03000000000000025,0.06200000000000205,-0.08200000000000252,7.46,7.5,7.37
29,600073.SH,20221128,7.38,7.53,7.31,7.51,7.45,0.06,0.8054,91521.03,67960.336,7.732875360715951,7.407999999999997,7.083124639284042,61.96045021204858,0.23453541736556346,0.22687536071595726,-0.20287536071595103,0.12200000000000344,0.0979999999999972,0.1299999999999999,0.04200000000000337,-0.10200000000000298,7.46,7.5,7.41
28,600073.SH,20221129,7.49,7.68,7.48,7.65,7.51,0.14,1.8642,130974.06,99658.855,7.701635401294796,7.443999999999997,7.1863645987051985,77.10791713994827,0.2444699300289167,0.2936354012948019,-0.021635401294796353,0.23600000000000243,-0.03600000000000314,0.16000000000000014,0.0660000000000025,-0.20600000000000307,7.49,7.51,7.44
27,600073.SH,20221130,7.69,7.77,7.62,7.63,7.65,-0.02,-0.2614,116054.37,89145.69,7.6662978215653395,7.473499999999997,7.280702178434654,72.18062312522893,-0.06390127236579954,0.3392978215653457,0.10370217843466012,0.29650000000000265,-0.14650000000000318,-0.0600000000000005,0.17650000000000343,-0.15650000000000297,7.53,7.52,7.47
26,600073.SH,20221201,7.74,7.8,7.7,7.73,7.63,0.1,1.3106,131278.35,101738.234,7.6925256393408805,7.497499999999997,7.302474360659113,79.89068717915289,0.10681625788333071,0.3975256393408868,0.1074743606591193,0.3025000000000029,-0.20250000000000323,-0.009999999999999787,0.13250000000000295,-0.23250000000000348,7.59,7.54,7.5
25,600073.SH,20221202,7.76,7.84,7.72,7.8,7.73,0.07,0.9056,110924.94,86363.7,7.739974254776744,7.521499999999998,7.303025745223252,83.68814689824808,0.04753319633588177,0.4169742547767479,0.10002574522325602,0.318500000000002,-0.1985000000000019,0.040000000000000036,0.20850000000000257,-0.27850000000000197,7.66,7.56,7.52
24,600073.SH,20221205,7.83,7.94,7.75,7.84,7.8,0.04,0.5128,127124.77,99899.426,7.795867322281667,7.542499999999999,7.289132677718331,85.55822489668677,0.022345792896004923,0.46086732228166927,0.14413267771833382,0.39750000000000174,-0.20750000000000135,0.009999999999999787,0.2575000000000012,-0.2975000000000012,7.73,7.6,7.54
23,600073.SH,20221206,7.83,7.93,7.78,7.86,7.84,0.02,0.2551,123712.09,97424.633,7.842688229709283,7.566999999999998,7.291311770290714,86.48769837190764,0.010863636737943447,0.48868822970928605,0.08731177029071713,0.3630000000000013,-0.21300000000000185,0.03000000000000025,0.27300000000000146,-0.2930000000000019,7.77,7.63,7.57
22,600073.SH,20221207,7.84,7.97,7.8,7.94,7.86,0.08,1.0178,106340.2,84066.729,7.900162107916652,7.595499999999999,7.290837892083345,89.6768204349329,0.03687370716366682,0.5091621079166551,0.06983789208334734,0.37450000000000117,-0.20450000000000124,0.10000000000000053,0.26450000000000173,-0.3445000000000018,7.83,7.68,7.6
21,600073.SH,20221208,7.85,7.93,7.8,7.81,7.94,-0.13,-1.6373,137055.08,107473.014,7.924647236471448,7.612999999999998,7.301352763528548,61.41273838387279,-0.31517712062023623,0.49864723647145226,0.0053527635285517405,0.31700000000000195,-0.18700000000000205,-0.040000000000000036,0.3270000000000026,-0.19700000000000184,7.85,7.72,7.61
20,600073.SH,20221209,7.8,7.87,7.64,7.87,7.81,0.06,0.7682,134595.86,104517.572,7.958187350992167,7.630499999999998,7.302812649007829,67.14746494578985,0.09338008225705527,0.33718735099217056,-0.08818735099216646,0.23950000000000227,-0.00950000000000184,0.07000000000000028,0.17950000000000177,-0.23950000000000227,7.86,7.76,7.63
19,600073.SH,20221212,7.86,7.91,7.69,7.73,7.87,-0.14,-1.7789,93171.89,72463.965,7.967306604285486,7.6409999999999965,7.314693395714507,47.41624476179706,-0.29384907084612044,0.3753066042854938,-0.05730660428548617,0.2690000000000037,-0.04900000000000393,-0.1299999999999999,0.22900000000000365,-0.08900000000000396,7.84,7.79,7.64
18,600073.SH,20221213,7.72,7.99,7.69,7.94,7.73,0.21,2.7167,185350.81,146343.854,8.007572456159954,7.662499999999997,7.31742754384004,65.60744261740987,0.38364906261554765,0.3725724561599604,-0.01757245615995373,0.32750000000000323,-0.02750000000000341,0.22000000000000064,0.06750000000000345,-0.2775000000000034,7.86,7.82,7.66
17,600073.SH,20221214,7.88,8.04,7.84,7.99,7.94,0.05,0.6297,139461.53,110870.993,8.051477708509395,7.686999999999998,7.3225222914906,68.70109037489689,0.047153914770426915,0.5174777085094,-0.011477708509396223,0.35300000000000153,-0.15300000000000225,0.11000000000000032,0.2530000000000028,-0.3030000000000026,7.87,7.85,7.69
16,600073.SH,20221215,7.95,8.01,7.82,7.86,7.99,-0.13,-1.627,119582.97,94375.621,8.069450810828583,7.700999999999998,7.332549189171412,53.64559490081776,-0.21914492756843273,0.4874508108285882,-0.059450810828582945,0.30900000000000194,-0.11900000000000244,-0.08999999999999986,0.28900000000000237,-0.15900000000000247,7.88,7.86,7.7
15,600073.SH,20221216,7.85,7.92,7.79,7.89,7.86,0.03,0.3817,90550.64,71225.004,8.087946883868694,7.718499999999997,7.3490531161313,56.29772380430482,0.04943796239729335,0.4409468838687003,-0.16794688386869439,0.2015000000000029,-0.071500000000003,0.040000000000000036,0.1415000000000033,-0.17150000000000265,7.88,7.87,7.72
14,600073.SH,20221219,7.91,7.95,7.7,7.78,7.89,-0.11,-1.3942,111706.56,87359.514,8.09088331442323,7.730999999999997,7.371116685576765,44.9754883746562,-0.20111355601170616,0.32888331442323526,-0.1408833144232302,0.21900000000000297,0.03099999999999703,-0.1299999999999999,0.15900000000000247,-0.04900000000000304,7.89,7.87,7.73
13,600073.SH,20221220,7.79,7.79,7.59,7.61,7.78,-0.17,-2.1851,104342.0,79732.497,8.08439602761144,7.736999999999997,7.389603972388555,32.757707576942735,-0.27165421075445656,0.20039602761144515,-0.2943960276114401,0.0530000000000026,0.14699999999999758,-0.17999999999999972,0.043000000000002814,0.12699999999999712,7.83,7.84,7.74
12,600073.SH,20221221,7.66,7.94,7.56,7.83,7.61,0.22,2.8909,155587.88,121875.271,8.074730200328014,7.7574999999999985,7.440269799671983,52.708318616448466,0.6090356290239438,0.11973020032801696,-0.13473020032801397,0.18250000000000188,0.1974999999999989,0.16999999999999993,-0.1474999999999982,-0.07250000000000156,7.79,7.83,7.76
11,600073.SH,20221222,7.85,8.04,7.8,7.83,7.83,0.0,0.0,179927.21,142726.039,8.057919328863282,7.777499999999999,7.497080671136717,52.708318616448466,0.0,0.30291932886328254,-0.017919328863282402,0.2625000000000002,-0.022500000000000853,-0.019999999999999574,0.0525000000000011,-0.0525000000000011,7.79,7.83,7.78
10,600073.SH,20221223,7.74,8.01,7.72,7.93,7.83,0.1,1.2771,184793.56,145904.232,8.045489753883391,7.8015,7.557510246116609,60.39892341553392,0.14590874839034385,0.16248975388339115,-0.03548975388339137,0.2084999999999999,0.08150000000000013,0.1899999999999995,0.028500000000000192,-0.12849999999999984,7.8,7.84,7.8
9,600073.SH,20221226,7.86,7.96,7.7,7.74,7.93,-0.19,-2.396,163840.55,127688.875,8.019794584068428,7.813000000000001,7.606205415931574,44.061875970267316,-0.27048573917237906,0.09379458406842645,-0.059794584068428414,0.14699999999999935,0.11300000000000043,-0.1200000000000001,0.1169999999999991,0.0730000000000004,7.79,7.84,7.81
8,600073.SH,20221227,7.75,7.93,7.67,7.89,7.74,0.15,1.938,152250.99,119076.249,8.020089722948263,7.825,7.629910277051738,55.472127586302236,0.25895973253010124,0.040089722948262185,-0.09008972294826378,0.10499999999999954,0.15500000000000025,0.13999999999999968,-0.08499999999999996,-0.0649999999999995,7.84,7.83,7.82
7,600073.SH,20221228,7.83,7.96,7.72,7.79,7.89,-0.1,-1.2674,141074.37,110414.047,8.007482090771566,7.833,7.658517909228435,47.68990315240404,-0.14029071486019337,0.06148209077156519,-0.047482090771565844,0.12699999999999978,0.11300000000000043,-0.040000000000000036,0.056999999999999496,0.04300000000000015,7.84,7.82,7.83
6,600073.SH,20221229,7.73,7.82,7.62,7.77,7.79,-0.02,-0.2567,119205.23,92063.793,8.00558722109232,7.835000000000001,7.664412778907682,46.13649781025679,-0.032573044595686995,-0.044412778907681805,-0.1855872210923195,-0.015000000000000568,0.21500000000000075,0.03999999999999915,-0.04500000000000082,0.06500000000000128,7.82,7.81,7.83
5,600073.SH,20221230,7.82,8.0,7.65,7.95,7.77,0.18,2.3166,195319.34,153334.36,8.019347391838737,7.842499999999999,7.665652608161261,60.15390944430749,0.3038247873017884,-0.01565260816126024,-0.019347391838737238,0.15750000000000064,0.192499999999999,0.1299999999999999,-0.07249999999999979,-0.10750000000000082,7.83,7.81,7.84
4,600073.SH,20230103,7.96,8.02,7.83,7.85,7.95,-0.1,-1.2579,217160.2,171042.107,8.019872835676203,7.842999999999999,7.666127164323795,51.260560535682195,-0.14784324062692972,0.16387283567620514,0.00012716432379633602,0.1770000000000005,0.012999999999999012,-0.11000000000000032,0.1070000000000011,-0.007000000000000561,7.85,7.82,7.84
3,600073.SH,20230104,7.88,8.58,7.77,8.17,7.85,0.32,4.0764,484916.2,391855.586,8.085768563598705,7.858499999999998,7.63123143640129,68.91058334716246,0.34431973874328153,0.1387685635987097,0.49423143640129474,0.7215000000000025,0.08849999999999802,0.29000000000000004,-0.008499999999997954,-0.31150000000000233,7.91,7.88,7.86
2,600073.SH,20230105,8.11,8.2,8.01,8.1,8.17,-0.07,-0.8568,471080.37,380529.868,8.114957239782234,7.866499999999998,7.618042760217761,62.928638756485825,-0.08680734221244918,0.39195723978223906,0.08504276021776569,0.3335000000000017,-0.14350000000000218,-0.009999999999999787,0.3035000000000023,-0.23350000000000204,7.97,7.9,7.87
1,600073.SH,20230106,8.11,8.13,7.82,7.85,8.1,-0.25,-3.0864,365069.73,289869.647,8.115746840222856,7.868499999999997,7.6212531597771385,45.865302864584656,-0.2711537422242828,0.19874684022286182,0.014253159777144475,0.2615000000000034,0.0484999999999971,-0.2599999999999998,0.23150000000000226,0.01849999999999774,7.98,7.9,7.87
0,600073.SH,20230109,7.89,7.91,7.76,7.83,7.85,-0.02,-0.2548,193536.66,151661.43,8.114312429067265,7.866499999999998,7.618687570932729,44.70168408786604,-0.02537034978607138,0.1413124290672707,-0.2043124290672651,0.04350000000000254,0.10649999999999782,-0.05999999999999961,-0.01649999999999796,0.036499999999997534,7.96,7.89,7.87
